<?xml version="1.0" encoding="UTF-8"?>
<!--
 This is a WordPress eXtended RSS file generated by WordPress as an export of your site.
 It contains information about your site's posts, pages, comments, categories, and other content.
 You may use this file to transfer that content from one site to another.
 This file is not intended to serve as a complete backup of your site.

 To import this information into a WordPress site follow these steps:
 1. Log in to that site as an administrator.
 2. Go to Tools: Import in the WordPress admin panel.
 3. Install the "WordPress" importer from the list.
 4. Activate & Run Importer.
 5. Upload this file using the form provided on that page.
 6. You will first be asked to map the authors in this export file to users
    on the site. For each author, you may choose to map to an
    existing user on the site or to create a new user.
 7. WordPress will then import each of the posts, pages, comments, categories, etc.
    contained in this file into your site.
-->
<!-- generator="WordPress.com" created="2025-02-10 17:13"-->
<rss version="2.0" xmlns:excerpt="http://wordpress.org/export/1.2/excerpt/" xmlns:content="http://purl.org/rss/1.0/modules/content/" xmlns:wfw="http://wellformedweb.org/CommentAPI/" xmlns:dc="http://purl.org/dc/elements/1.1/" xmlns:wp="http://wordpress.org/export/1.2/">
  <channel>
<title>Rafael Acero</title>
<link>https://rafaelacero.wordpress.com</link>
<description>Especialista en Marketing Digital</description>
<pubDate>Mon, 10 Feb 2025 17:13:11 +0000</pubDate>
<language>es</language>
<wp:wxr_version>1.2</wp:wxr_version>
<wp:base_site_url>http://wordpress.com/</wp:base_site_url>
<wp:base_blog_url>https://rafaelacero.wordpress.com</wp:base_blog_url>
<wp:author>
  <wp:author_id>261311449</wp:author_id>
  <wp:author_login>rafafcb12</wp:author_login>
  <wp:author_email>rafafcb12@gmail.com</wp:author_email>
  <wp:author_display_name><![CDATA[rafael acero]]></wp:author_display_name>
  <wp:author_first_name><![CDATA[rafael]]></wp:author_first_name>
  <wp:author_last_name><![CDATA[acero]]></wp:author_last_name>
</wp:author>
<wp:category>
  <wp:term_id>1</wp:term_id>
  <wp:category_nicename>uncategorized</wp:category_nicename>
  <wp:category_parent/>
  <wp:cat_name><![CDATA[Uncategorized]]></wp:cat_name>
</wp:category>
<generator>http://wordpress.com/</generator>

<image>
	<url>https://rafaelacero.wordpress.com/wp-content/uploads/2025/01/cropped-whatsapp-image-2025-01-27-at-11.29.20.jpeg?w=32</url>
	<title>Rafael Acero</title>
	<link>https://rafaelacero.wordpress.com</link>
	<width>32</width>
	<height>32</height>
</image> 
<item>
  <title><![CDATA[Sobre mi]]></title>
  <link>https://rafaelacero.wordpress.com/about/</link>
  <pubDate>Mon, 27 Jan 2025 15:58:12 +0000</pubDate>
  <dc:creator>rafafcb12</dc:creator>
  <guid isPermaLink="false">http://rafaelacero.wordpress.com/?page_id=1</guid>
  <description/>
  <content:encoded><![CDATA[<!-- wp:group {"metadata":{"name":"Header","categories":["header"],"patternName":"a8c/header-logo-left-menu-centered-social-right"},"align":"full","style":{"spacing":{"padding":{"top":"var:preset|spacing|30","bottom":"var:preset|spacing|30","left":"var(\u002d\u002dwp\u002d\u002dstyle\u002d\u002droot\u002d\u002dpadding-left, var(\u002d\u002dwp\u002d\u002dcustom\u002d\u002dgap\u002d\u002dhorizontal))","right":"var(\u002d\u002dwp\u002d\u002dstyle\u002d\u002droot\u002d\u002dpadding-right, var(\u002d\u002dwp\u002d\u002dcustom\u002d\u002dgap\u002d\u002dhorizontal))"},"margin":{"top":"0","bottom":"0"}}},"layout":{"type":"constrained","justifyContent":"center"}} -->
<div class="wp-block-group alignfull" style="margin-top:0;margin-bottom:0;padding-top:var(--wp--preset--spacing--30);padding-right:var(--wp--style--root--padding-right, var(--wp--custom--gap--horizontal));padding-bottom:var(--wp--preset--spacing--30);padding-left:var(--wp--style--root--padding-left, var(--wp--custom--gap--horizontal))"><!-- wp:group {"tagName":"header","metadata":{"name":"Contents"},"align":"wide","style":{"spacing":{"margin":{"top":"0","bottom":"0"},"blockGap":"var:preset|spacing|40"}},"layout":{"type":"flex","flexWrap":"nowrap","justifyContent":"space-between"}} -->
<header class="wp-block-group alignwide" style="margin-top:0;margin-bottom:0"><!-- wp:group {"className":"grow  md:grow-0","style":{"layout":{"selfStretch":"fixed","flexSize":"25%"}},"layout":{"type":"flex","flexWrap":"nowrap","justifyContent":"left"}} -->
<div class="wp-block-group grow md:grow-0"><!-- wp:site-title /--></div>
<!-- /wp:group -->

<!-- wp:navigation {"ref":17,"className":"order-1 md:order-0","style":{"layout":{"selfStretch":"fit","flexSize":null}},"layout":{"type":"flex","justifyContent":"center"}} /-->

<!-- wp:group {"className":"grow md:grow-0","style":{"spacing":{"blockGap":"var:preset|spacing|20"},"layout":{"selfStretch":"fixed","flexSize":"25%"}},"layout":{"type":"flex","flexWrap":"nowrap","justifyContent":"right"}} -->
<div class="wp-block-group grow md:grow-0"><!-- wp:social-links {"className":"is-style-logos-only","style":{"spacing":{"blockGap":{"left":"8px"}}},"layout":{"type":"flex","flexWrap":"nowrap"}} -->
<ul class="wp-block-social-links is-style-logos-only"><!-- wp:social-link {"url":"https://www.linkedin.com/in/rafael-acero/","service":"linkedin"} /-->

<!-- wp:social-link {"url":"https://github.com/rafaelacero","service":"github"} /--></ul>
<!-- /wp:social-links --></div>
<!-- /wp:group --></header>
<!-- /wp:group --></div>
<!-- /wp:group -->

<!-- wp:media-text {"mediaId":35,"mediaLink":"https://rafaelacero.wordpress.com/about/whatsapp-image-2025-01-20-at-11-58-08-2/","mediaType":"image"} -->
<div class="wp-block-media-text is-stacked-on-mobile"><figure class="wp-block-media-text__media"><img src="https://rafaelacero.wordpress.com/wp-content/uploads/2025/02/whatsapp-image-2025-01-20-at-11.58.08.jpeg?w=914" alt="" class="wp-image-35 size-full" /></figure><div class="wp-block-media-text__content"><!-- wp:paragraph {"placeholder":"Contenido…"} -->
<p>                                                      </p>
<!-- /wp:paragraph -->

<!-- wp:paragraph {"placeholder":"Contenido…"} -->
<p>                                    Especialista en marketing digital               y comercio electrónico, apasionado por las<br>tendencias digitales y la implementación de<br>soluciones creativas, busco aportar valor a proyectos enfocados en el crecimiento y la<br>innovación.</p>
<!-- /wp:paragraph -->

<!-- wp:paragraph {"placeholder":"Contenido…"} -->
<p></p>
<!-- /wp:paragraph --></div></div>
<!-- /wp:media-text -->

<!-- wp:columns -->
<div class="wp-block-columns"><!-- wp:column -->
<div class="wp-block-column"><!-- wp:details -->
<details class="wp-block-details"><summary>Educación </summary><!-- wp:paragraph {"placeholder":"Teclea / para añadir un bloque oculto"} -->
<p>Tecnólogo En Marketing Digital Y Comercio Electronico Instituto Universitario Cordillera |Abril2024-En CursoBachiller En Ciencias<br>Colegio Nacional Andrés Bel lo | 2011 -2017</p>
<!-- /wp:paragraph --></details>
<!-- /wp:details --></div>
<!-- /wp:column -->

<!-- wp:column -->
<div class="wp-block-column"><!-- wp:details -->
<details class="wp-block-details"><summary>Experiencia Laboral</summary><!-- wp:paragraph {"placeholder":"Teclea / para añadir un bloque oculto"} -->
<p>LOCAL DE PELICULAS<br>(CALDERÓN)<br>05/02/2018 HASTA 27/10/2018<br>CARGO: Vendedor - (Pol ifuncional)<br>SUPERDEPORTE S.A<br>(Marathon Outlet Plaza Pomasqui)<br>12 / 11/ 2019 HASTA 25/12/2019<br>CARGO: Cajero- (Pol ifuncional)<br>DISTRIBUIDORA DEL NORTE<br>(Di s tri Nort -Productos Lácteos )<br>11/10/2021 HASTA 02/09/2022<br>CARGO: Vendedor TAT -Atención al Cl iente<br>(Pol ifuncional)<br>ATIMASA<br>(Gasol inera Primax El Condado)<br>24/10/2022 HASTA 13/12/2023<br>CARGO: Promotor De Pi s ta<br>(Pol ifuncional)</p>
<!-- /wp:paragraph -->

<!-- wp:paragraph {"placeholder":"Teclea / para añadir un bloque oculto"} -->
<p></p>
<!-- /wp:paragraph --></details>
<!-- /wp:details --></div>
<!-- /wp:column -->

<!-- wp:column -->
<div class="wp-block-column"><!-- wp:details -->
<details class="wp-block-details"><summary>Certificaciones</summary><!-- wp:paragraph {"placeholder":"Teclea / para añadir un bloque oculto"} -->
<p>Certificado De Marketing De Contenidos<br>Hubspot Academy | 2024<br>REFERENCIAS PERSONALES<br>Certificado De Academia De Retail Deportivo<br>Marathon Sport s | 2019<br>Certificado De Taller De Fotografia Y Leyes<br>Asamblea Nacional Del Ecuador | 2015</p>
<!-- /wp:paragraph -->

<!-- wp:paragraph {"placeholder":"Teclea / para añadir un bloque oculto"} -->
<p></p>
<!-- /wp:paragraph --></details>
<!-- /wp:details --></div>
<!-- /wp:column --></div>
<!-- /wp:columns -->

<!-- wp:table -->
<figure class="wp-block-table"><table class="has-fixed-layout"><tbody><tr><td class="has-text-align-center" data-align="center">Idioma</td><td class="has-text-align-center" data-align="center">Nivel</td></tr><tr><td class="has-text-align-center" data-align="center">Español</td><td class="has-text-align-center" data-align="center">Nativo</td></tr><tr><td class="has-text-align-center" data-align="center">Ingles </td><td class="has-text-align-center" data-align="center">Basico</td></tr></tbody></table></figure>
<!-- /wp:table -->]]></content:encoded>
  <excerpt:encoded><![CDATA[]]></excerpt:encoded>
  <wp:post_id>1</wp:post_id>
  <wp:post_date>2025-01-27 15:58:12</wp:post_date>
  <wp:post_date_gmt>2025-01-27 15:58:12</wp:post_date_gmt>
  <wp:post_modified>2025-02-10 11:54:34</wp:post_modified>
  <wp:post_modified_gmt>2025-02-10 16:54:34</wp:post_modified_gmt>
  <wp:comment_status>closed</wp:comment_status>
  <wp:ping_status>open</wp:ping_status>
  <wp:post_name>about</wp:post_name>
  <wp:status>publish</wp:status>
  <wp:post_parent>0</wp:post_parent>
  <wp:menu_order>0</wp:menu_order>
  <wp:post_type>page</wp:post_type>
  <wp:post_password/>
  <wp:is_sticky>0</wp:is_sticky>
  <wp:postmeta>
    <wp:meta_key>_wp_page_template</wp:meta_key>
    <wp:meta_value><![CDATA[default]]></wp:meta_value>
  </wp:postmeta>
  <wp:postmeta>
    <wp:meta_key>_elasticsearch_data_sharing_indexed_on</wp:meta_key>
    <wp:meta_value><![CDATA[2025-01-27 15:58:21]]></wp:meta_value>
  </wp:postmeta>
  <wp:postmeta>
    <wp:meta_key>_g_feedback_shortcode_87911d1aed509877b83a48ec536f768cdcd22df1</wp:meta_key>
    <wp:meta_value><![CDATA[
				[contact-field label="Nombre" type="name"  required="true" /]
				[contact-field label="Correo electrónico" type="email" required="true" /]
				[contact-field label="Web" type="url" /]
				[contact-field label="Mensaje" type="textarea" /]]]></wp:meta_value>
  </wp:postmeta>
  <wp:postmeta>
    <wp:meta_key>_g_feedback_shortcode_atts_87911d1aed509877b83a48ec536f768cdcd22df1</wp:meta_key>
    <wp:meta_value><![CDATA[a:17:{s:2:"to";s:19:"rafafcb12@gmail.com";s:7:"subject";s:20:"[Rafael Acero] About";s:12:"show_subject";s:2:"no";s:6:"widget";i:0;s:14:"block_template";N;s:19:"block_template_part";N;s:2:"id";i:1;s:18:"submit_button_text";s:6:"Enviar";s:14:"customThankyou";s:0:"";s:21:"customThankyouHeading";s:24:"Se ha enviado tu mensaje";s:21:"customThankyouMessage";s:24:"¡Gracias por tu envío!";s:22:"customThankyouRedirect";s:0:"";s:10:"jetpackCRM";b:1;s:9:"className";N;s:9:"postToUrl";N;s:14:"salesforceData";N;s:12:"hiddenFields";N;}]]></wp:meta_value>
  </wp:postmeta>
  <wp:postmeta>
    <wp:meta_key>_last_editor_used_jetpack</wp:meta_key>
    <wp:meta_value><![CDATA[block-editor]]></wp:meta_value>
  </wp:postmeta>
</item>
<item>
  <title><![CDATA[El arte de la conexión]]></title>
  <link>https://rafaelacero.wordpress.com/2025/01/27/el-arte-de-la-conexion/</link>
  <pubDate>Mon, 27 Jan 2025 15:54:27 +0000</pubDate>
  <dc:creator>rafafcb12</dc:creator>
  <guid isPermaLink="false">https://rafaelacero.wordpress.com/2025/01/27/el-arte-de-la-conexion/</guid>
  <description/>
  <content:encoded><![CDATA[<!-- wp:paragraph -->
<p>Te damos la bienvenida a WordPress. Esta es una entrada de ejemplo. Empieza tu andadura en el mundo bloguero editándola o borrándola. Para añadir más contenido aquí, haz clic en el pequeño icono del signo más situado en la esquina superior izquierda. Allí encontrarás una selección de bloques y patrones de WordPress que se adaptan a todas tus necesidades de creación de contenidos. Y no te olvides de echar un vistazo a la vista de lista: haz clic en el icono que hay unos puntos a la derecha del icono del signo más y obtendrás una lista ordenada y fácil de ver de los bloques y patrones de tu entrada.</p>
<!-- /wp:paragraph -->]]></content:encoded>
  <excerpt:encoded><![CDATA[En un mundo en constante evolución, el arte de forjar conexiones genuinas sigue siendo atemporal. Ya sea con compañeros, clientes o socios, establecer una relación auténtica allana el camino hacia el éxito de la colaboración.]]></excerpt:encoded>
  <wp:post_id>5</wp:post_id>
  <wp:post_date>2025-01-27 10:54:27</wp:post_date>
  <wp:post_date_gmt>2025-01-27 15:54:27</wp:post_date_gmt>
  <wp:post_modified>2025-01-27 10:54:27</wp:post_modified>
  <wp:post_modified_gmt>2025-01-27 15:54:27</wp:post_modified_gmt>
  <wp:comment_status>closed</wp:comment_status>
  <wp:ping_status>closed</wp:ping_status>
  <wp:post_name>el-arte-de-la-conexion</wp:post_name>
  <wp:status>publish</wp:status>
  <wp:post_parent>0</wp:post_parent>
  <wp:menu_order>0</wp:menu_order>
  <wp:post_type>post</wp:post_type>
  <wp:post_password/>
  <wp:is_sticky>0</wp:is_sticky>
  <category domain="category" nicename="uncategorized"><![CDATA[Uncategorized]]></category>
  <wp:postmeta>
    <wp:meta_key>_wpas_skip_all_services</wp:meta_key>
    <wp:meta_value><![CDATA[1]]></wp:meta_value>
  </wp:postmeta>
  <wp:postmeta>
    <wp:meta_key>_hs_old_id</wp:meta_key>
    <wp:meta_value><![CDATA[]]></wp:meta_value>
  </wp:postmeta>
  <wp:postmeta>
    <wp:meta_key>_starter_page_template</wp:meta_key>
    <wp:meta_value><![CDATA[]]></wp:meta_value>
  </wp:postmeta>
  <wp:postmeta>
    <wp:meta_key>switch_like_status</wp:meta_key>
    <wp:meta_value><![CDATA[a:1:{i:0;N;}]]></wp:meta_value>
  </wp:postmeta>
  <wp:postmeta>
    <wp:meta_key>sharing_disabled</wp:meta_key>
    <wp:meta_value><![CDATA[a:1:{i:0;N;}]]></wp:meta_value>
  </wp:postmeta>
  <wp:postmeta>
    <wp:meta_key>_headstart_post</wp:meta_key>
    <wp:meta_value><![CDATA[_hs_extra]]></wp:meta_value>
  </wp:postmeta>
  <wp:postmeta>
    <wp:meta_key>_publicize_pending</wp:meta_key>
    <wp:meta_value><![CDATA[1]]></wp:meta_value>
  </wp:postmeta>
  <wp:postmeta>
    <wp:meta_key>_thumbnail_id</wp:meta_key>
    <wp:meta_value><![CDATA[11]]></wp:meta_value>
  </wp:postmeta>
  <wp:postmeta>
    <wp:meta_key>_elasticsearch_data_sharing_indexed_on</wp:meta_key>
    <wp:meta_value><![CDATA[2025-01-27 15:59:37]]></wp:meta_value>
  </wp:postmeta>
</item>
<item>
  <title><![CDATA[Custom Styles]]></title>
  <link>https://rafaelacero.wordpress.com/2025/01/27/wp-global-styles-pub%2ftwentytwentyfive/</link>
  <pubDate>Mon, 27 Jan 2025 15:59:14 +0000</pubDate>
  <dc:creator>rafafcb12</dc:creator>
  <guid isPermaLink="false">https://rafaelacero.wordpress.com/2025/01/27/wp-global-styles-pub%2ftwentytwentyfive/</guid>
  <description/>
  <content:encoded><![CDATA[{"version":3,"isGlobalStylesUserThemeJSON":true}]]></content:encoded>
  <excerpt:encoded><![CDATA[]]></excerpt:encoded>
  <wp:post_id>3</wp:post_id>
  <wp:post_date>2025-01-27 10:59:14</wp:post_date>
  <wp:post_date_gmt>2025-01-27 15:59:14</wp:post_date_gmt>
  <wp:post_modified>2025-01-27 10:59:14</wp:post_modified>
  <wp:post_modified_gmt>2025-01-27 15:59:14</wp:post_modified_gmt>
  <wp:comment_status>closed</wp:comment_status>
  <wp:ping_status>closed</wp:ping_status>
  <wp:post_name>wp-global-styles-pub%2ftwentytwentyfive</wp:post_name>
  <wp:status>publish</wp:status>
  <wp:post_parent>0</wp:post_parent>
  <wp:menu_order>0</wp:menu_order>
  <wp:post_type>wp_global_styles</wp:post_type>
  <wp:post_password/>
  <wp:is_sticky>0</wp:is_sticky>
  <category domain="wp_theme" nicename="twentytwentyfive"><![CDATA[twentytwentyfive]]></category>
  <wp:postmeta>
    <wp:meta_key>_publicize_pending</wp:meta_key>
    <wp:meta_value><![CDATA[1]]></wp:meta_value>
  </wp:postmeta>
</item>
<item>
  <title><![CDATA[Custom Styles]]></title>
  <link>https://rafaelacero.wordpress.com/2025/01/27/wp-global-styles-pub%2ffewer/</link>
  <pubDate>Mon, 27 Jan 2025 15:59:24 +0000</pubDate>
  <dc:creator>rafafcb12</dc:creator>
  <guid isPermaLink="false">https://rafaelacero.wordpress.com/2025/01/27/wp-global-styles-pub%2ffewer/</guid>
  <description/>
  <content:encoded><![CDATA[{"version":3,"isGlobalStylesUserThemeJSON":true}]]></content:encoded>
  <excerpt:encoded><![CDATA[]]></excerpt:encoded>
  <wp:post_id>4</wp:post_id>
  <wp:post_date>2025-01-27 10:59:24</wp:post_date>
  <wp:post_date_gmt>2025-01-27 15:59:24</wp:post_date_gmt>
  <wp:post_modified>2025-01-27 10:59:24</wp:post_modified>
  <wp:post_modified_gmt>2025-01-27 15:59:24</wp:post_modified_gmt>
  <wp:comment_status>closed</wp:comment_status>
  <wp:ping_status>closed</wp:ping_status>
  <wp:post_name>wp-global-styles-pub%2ffewer</wp:post_name>
  <wp:status>publish</wp:status>
  <wp:post_parent>0</wp:post_parent>
  <wp:menu_order>0</wp:menu_order>
  <wp:post_type>wp_global_styles</wp:post_type>
  <wp:post_password/>
  <wp:is_sticky>0</wp:is_sticky>
  <category domain="wp_theme" nicename="fewer"><![CDATA[fewer]]></category>
  <wp:postmeta>
    <wp:meta_key>_publicize_pending</wp:meta_key>
    <wp:meta_value><![CDATA[1]]></wp:meta_value>
  </wp:postmeta>
</item>
<item>
  <title><![CDATA[Más allá del obstáculo]]></title>
  <link>https://rafaelacero.wordpress.com/2025/01/27/mas-alla-del-obstaculo/</link>
  <pubDate>Mon, 27 Jan 2025 15:54:26 +0000</pubDate>
  <dc:creator>rafafcb12</dc:creator>
  <guid isPermaLink="false">https://rafaelacero.wordpress.com/2025/01/27/mas-alla-del-obstaculo/</guid>
  <description/>
  <content:encoded><![CDATA[<!-- wp:paragraph -->
<p>Te damos la bienvenida a WordPress. Esta es una entrada de ejemplo. Empieza tu andadura en el mundo bloguero editándola o borrándola. Para añadir más contenido aquí, haz clic en el pequeño icono del signo más situado en la esquina superior izquierda. Allí encontrarás una selección de bloques y patrones de WordPress que se adaptan a todas tus necesidades de creación de contenidos. Y no te olvides de echar un vistazo a la vista de lista: haz clic en el icono que hay unos puntos a la derecha del icono del signo más y obtendrás una lista ordenada y fácil de ver de los bloques y patrones de tu entrada.</p>
<!-- /wp:paragraph -->]]></content:encoded>
  <excerpt:encoded><![CDATA[Los retos en los negocios son un hecho, pero es nuestra respuesta a ellos lo que define nuestra trayectoria. Mirando más allá del obstáculo inmediato, existe un reino de oportunidades y aprendizaje.]]></excerpt:encoded>
  <wp:post_id>6</wp:post_id>
  <wp:post_date>2025-01-27 10:54:26</wp:post_date>
  <wp:post_date_gmt>2025-01-27 15:54:26</wp:post_date_gmt>
  <wp:post_modified>2025-01-27 10:54:26</wp:post_modified>
  <wp:post_modified_gmt>2025-01-27 15:54:26</wp:post_modified_gmt>
  <wp:comment_status>closed</wp:comment_status>
  <wp:ping_status>closed</wp:ping_status>
  <wp:post_name>mas-alla-del-obstaculo</wp:post_name>
  <wp:status>publish</wp:status>
  <wp:post_parent>0</wp:post_parent>
  <wp:menu_order>0</wp:menu_order>
  <wp:post_type>post</wp:post_type>
  <wp:post_password/>
  <wp:is_sticky>0</wp:is_sticky>
  <category domain="category" nicename="uncategorized"><![CDATA[Uncategorized]]></category>
  <wp:postmeta>
    <wp:meta_key>_headstart_post</wp:meta_key>
    <wp:meta_value><![CDATA[_hs_extra]]></wp:meta_value>
  </wp:postmeta>
  <wp:postmeta>
    <wp:meta_key>sharing_disabled</wp:meta_key>
    <wp:meta_value><![CDATA[a:1:{i:0;N;}]]></wp:meta_value>
  </wp:postmeta>
  <wp:postmeta>
    <wp:meta_key>switch_like_status</wp:meta_key>
    <wp:meta_value><![CDATA[a:1:{i:0;N;}]]></wp:meta_value>
  </wp:postmeta>
  <wp:postmeta>
    <wp:meta_key>_starter_page_template</wp:meta_key>
    <wp:meta_value><![CDATA[]]></wp:meta_value>
  </wp:postmeta>
  <wp:postmeta>
    <wp:meta_key>_hs_old_id</wp:meta_key>
    <wp:meta_value><![CDATA[]]></wp:meta_value>
  </wp:postmeta>
  <wp:postmeta>
    <wp:meta_key>_wpas_skip_all_services</wp:meta_key>
    <wp:meta_value><![CDATA[1]]></wp:meta_value>
  </wp:postmeta>
  <wp:postmeta>
    <wp:meta_key>_publicize_pending</wp:meta_key>
    <wp:meta_value><![CDATA[1]]></wp:meta_value>
  </wp:postmeta>
  <wp:postmeta>
    <wp:meta_key>_thumbnail_id</wp:meta_key>
    <wp:meta_value><![CDATA[12]]></wp:meta_value>
  </wp:postmeta>
  <wp:postmeta>
    <wp:meta_key>_elasticsearch_data_sharing_indexed_on</wp:meta_key>
    <wp:meta_value><![CDATA[2025-01-27 15:59:37]]></wp:meta_value>
  </wp:postmeta>
</item>
<item>
  <title><![CDATA[Crecimiento desbloqueado]]></title>
  <link>https://rafaelacero.wordpress.com/2025/01/27/crecimiento-desbloqueado/</link>
  <pubDate>Mon, 27 Jan 2025 15:54:25 +0000</pubDate>
  <dc:creator>rafafcb12</dc:creator>
  <guid isPermaLink="false">https://rafaelacero.wordpress.com/2025/01/27/crecimiento-desbloqueado/</guid>
  <description/>
  <content:encoded><![CDATA[<!-- wp:paragraph -->
<p>Te damos la bienvenida a WordPress. Esta es una entrada de ejemplo. Empieza tu andadura en el mundo bloguero editándola o borrándola. Para añadir más contenido aquí, haz clic en el pequeño icono del signo más situado en la esquina superior izquierda. Allí encontrarás una selección de bloques y patrones de WordPress que se adaptan a todas tus necesidades de creación de contenidos. Y no te olvides de echar un vistazo a la vista de lista: haz clic en el icono que hay unos puntos a la derecha del icono del signo más y obtendrás una lista ordenada y fácil de ver de los bloques y patrones de tu entrada.</p>
<!-- /wp:paragraph -->]]></content:encoded>
  <excerpt:encoded><![CDATA[Cada empresa tiene un potencial único que espera ser aprovechado. Reconocer las claves para desbloquear este crecimiento puede encaminar a una empresa hacia un éxito sin precedentes.]]></excerpt:encoded>
  <wp:post_id>7</wp:post_id>
  <wp:post_date>2025-01-27 10:54:25</wp:post_date>
  <wp:post_date_gmt>2025-01-27 15:54:25</wp:post_date_gmt>
  <wp:post_modified>2025-01-27 10:54:25</wp:post_modified>
  <wp:post_modified_gmt>2025-01-27 15:54:25</wp:post_modified_gmt>
  <wp:comment_status>closed</wp:comment_status>
  <wp:ping_status>closed</wp:ping_status>
  <wp:post_name>crecimiento-desbloqueado</wp:post_name>
  <wp:status>publish</wp:status>
  <wp:post_parent>0</wp:post_parent>
  <wp:menu_order>0</wp:menu_order>
  <wp:post_type>post</wp:post_type>
  <wp:post_password/>
  <wp:is_sticky>0</wp:is_sticky>
  <category domain="category" nicename="uncategorized"><![CDATA[Uncategorized]]></category>
  <wp:postmeta>
    <wp:meta_key>_headstart_post</wp:meta_key>
    <wp:meta_value><![CDATA[_hs_extra]]></wp:meta_value>
  </wp:postmeta>
  <wp:postmeta>
    <wp:meta_key>sharing_disabled</wp:meta_key>
    <wp:meta_value><![CDATA[a:1:{i:0;N;}]]></wp:meta_value>
  </wp:postmeta>
  <wp:postmeta>
    <wp:meta_key>switch_like_status</wp:meta_key>
    <wp:meta_value><![CDATA[a:1:{i:0;N;}]]></wp:meta_value>
  </wp:postmeta>
  <wp:postmeta>
    <wp:meta_key>_starter_page_template</wp:meta_key>
    <wp:meta_value><![CDATA[]]></wp:meta_value>
  </wp:postmeta>
  <wp:postmeta>
    <wp:meta_key>_hs_old_id</wp:meta_key>
    <wp:meta_value><![CDATA[]]></wp:meta_value>
  </wp:postmeta>
  <wp:postmeta>
    <wp:meta_key>_wpas_skip_all_services</wp:meta_key>
    <wp:meta_value><![CDATA[1]]></wp:meta_value>
  </wp:postmeta>
  <wp:postmeta>
    <wp:meta_key>_publicize_pending</wp:meta_key>
    <wp:meta_value><![CDATA[1]]></wp:meta_value>
  </wp:postmeta>
  <wp:postmeta>
    <wp:meta_key>_thumbnail_id</wp:meta_key>
    <wp:meta_value><![CDATA[13]]></wp:meta_value>
  </wp:postmeta>
  <wp:postmeta>
    <wp:meta_key>_elasticsearch_data_sharing_indexed_on</wp:meta_key>
    <wp:meta_value><![CDATA[2025-01-27 15:59:38]]></wp:meta_value>
  </wp:postmeta>
</item>
<item>
  <title><![CDATA[Magia de la colaboración]]></title>
  <link>https://rafaelacero.wordpress.com/2025/01/27/magia-de-la-colaboracion/</link>
  <pubDate>Mon, 27 Jan 2025 15:54:24 +0000</pubDate>
  <dc:creator>rafafcb12</dc:creator>
  <guid isPermaLink="false">https://rafaelacero.wordpress.com/2025/01/27/magia-de-la-colaboracion/</guid>
  <description/>
  <content:encoded><![CDATA[<!-- wp:paragraph -->
<p>Te damos la bienvenida a WordPress. Esta es una entrada de ejemplo. Empieza tu andadura en el mundo bloguero editándola o borrándola. Para añadir más contenido aquí, haz clic en el pequeño icono del signo más situado en la esquina superior izquierda. Allí encontrarás una selección de bloques y patrones de WordPress que se adaptan a todas tus necesidades de creación de contenidos. Y no te olvides de echar un vistazo a la vista de lista: haz clic en el icono que hay unos puntos a la derecha del icono del signo más y obtendrás una lista ordenada y fácil de ver de los bloques y patrones de tu entrada.</p>
<!-- /wp:paragraph -->]]></content:encoded>
  <excerpt:encoded><![CDATA[La magia que surge de una colaboración eficaz es innegable. Cuando convergen mentes diversas con un propósito común, los resultados pueden ser transformadores.]]></excerpt:encoded>
  <wp:post_id>8</wp:post_id>
  <wp:post_date>2025-01-27 10:54:24</wp:post_date>
  <wp:post_date_gmt>2025-01-27 15:54:24</wp:post_date_gmt>
  <wp:post_modified>2025-01-27 10:54:24</wp:post_modified>
  <wp:post_modified_gmt>2025-01-27 15:54:24</wp:post_modified_gmt>
  <wp:comment_status>closed</wp:comment_status>
  <wp:ping_status>closed</wp:ping_status>
  <wp:post_name>magia-de-la-colaboracion</wp:post_name>
  <wp:status>publish</wp:status>
  <wp:post_parent>0</wp:post_parent>
  <wp:menu_order>0</wp:menu_order>
  <wp:post_type>post</wp:post_type>
  <wp:post_password/>
  <wp:is_sticky>0</wp:is_sticky>
  <category domain="category" nicename="uncategorized"><![CDATA[Uncategorized]]></category>
  <wp:postmeta>
    <wp:meta_key>_headstart_post</wp:meta_key>
    <wp:meta_value><![CDATA[_hs_extra]]></wp:meta_value>
  </wp:postmeta>
  <wp:postmeta>
    <wp:meta_key>sharing_disabled</wp:meta_key>
    <wp:meta_value><![CDATA[a:1:{i:0;N;}]]></wp:meta_value>
  </wp:postmeta>
  <wp:postmeta>
    <wp:meta_key>switch_like_status</wp:meta_key>
    <wp:meta_value><![CDATA[a:1:{i:0;N;}]]></wp:meta_value>
  </wp:postmeta>
  <wp:postmeta>
    <wp:meta_key>_starter_page_template</wp:meta_key>
    <wp:meta_value><![CDATA[]]></wp:meta_value>
  </wp:postmeta>
  <wp:postmeta>
    <wp:meta_key>_hs_old_id</wp:meta_key>
    <wp:meta_value><![CDATA[]]></wp:meta_value>
  </wp:postmeta>
  <wp:postmeta>
    <wp:meta_key>_wpas_skip_all_services</wp:meta_key>
    <wp:meta_value><![CDATA[1]]></wp:meta_value>
  </wp:postmeta>
  <wp:postmeta>
    <wp:meta_key>_publicize_pending</wp:meta_key>
    <wp:meta_value><![CDATA[1]]></wp:meta_value>
  </wp:postmeta>
  <wp:postmeta>
    <wp:meta_key>_thumbnail_id</wp:meta_key>
    <wp:meta_value><![CDATA[14]]></wp:meta_value>
  </wp:postmeta>
  <wp:postmeta>
    <wp:meta_key>_elasticsearch_data_sharing_indexed_on</wp:meta_key>
    <wp:meta_value><![CDATA[2025-01-27 15:59:38]]></wp:meta_value>
  </wp:postmeta>
</item>
<item>
  <title><![CDATA[Triunfo del trabajo en equipo]]></title>
  <link>https://rafaelacero.wordpress.com/2025/01/27/triunfo-del-trabajo-en-equipo/</link>
  <pubDate>Mon, 27 Jan 2025 15:54:23 +0000</pubDate>
  <dc:creator>rafafcb12</dc:creator>
  <guid isPermaLink="false">https://rafaelacero.wordpress.com/2025/01/27/triunfo-del-trabajo-en-equipo/</guid>
  <description/>
  <content:encoded><![CDATA[<!-- wp:paragraph -->
<p>Te damos la bienvenida a WordPress. Esta es una entrada de ejemplo. Empieza tu andadura en el mundo bloguero editándola o borrándola. Para añadir más contenido aquí, haz clic en el pequeño icono del signo más situado en la esquina superior izquierda. Allí encontrarás una selección de bloques y patrones de WordPress que se adaptan a todas tus necesidades de creación de contenidos. Y no te olvides de echar un vistazo a la vista de lista: haz clic en el icono que hay unos puntos a la derecha del icono del signo más y obtendrás una lista ordenada y fácil de ver de los bloques y patrones de tu entrada.</p>
<!-- /wp:paragraph -->]]></content:encoded>
  <excerpt:encoded><![CDATA[¿Qué fomenta un trabajo en equipo eficaz? No se trata solo de agrupar individuos y esperar lo mejor. Se trata de cultivar un entorno en el que converjan la confianza, la comunicación abierta, el respeto mutuo y una visión compartida.]]></excerpt:encoded>
  <wp:post_id>9</wp:post_id>
  <wp:post_date>2025-01-27 10:54:23</wp:post_date>
  <wp:post_date_gmt>2025-01-27 15:54:23</wp:post_date_gmt>
  <wp:post_modified>2025-01-27 10:54:23</wp:post_modified>
  <wp:post_modified_gmt>2025-01-27 15:54:23</wp:post_modified_gmt>
  <wp:comment_status>closed</wp:comment_status>
  <wp:ping_status>closed</wp:ping_status>
  <wp:post_name>triunfo-del-trabajo-en-equipo</wp:post_name>
  <wp:status>publish</wp:status>
  <wp:post_parent>0</wp:post_parent>
  <wp:menu_order>0</wp:menu_order>
  <wp:post_type>post</wp:post_type>
  <wp:post_password/>
  <wp:is_sticky>0</wp:is_sticky>
  <category domain="category" nicename="uncategorized"><![CDATA[Uncategorized]]></category>
  <wp:postmeta>
    <wp:meta_key>_headstart_post</wp:meta_key>
    <wp:meta_value><![CDATA[_hs_extra]]></wp:meta_value>
  </wp:postmeta>
  <wp:postmeta>
    <wp:meta_key>sharing_disabled</wp:meta_key>
    <wp:meta_value><![CDATA[a:1:{i:0;N;}]]></wp:meta_value>
  </wp:postmeta>
  <wp:postmeta>
    <wp:meta_key>switch_like_status</wp:meta_key>
    <wp:meta_value><![CDATA[a:1:{i:0;N;}]]></wp:meta_value>
  </wp:postmeta>
  <wp:postmeta>
    <wp:meta_key>_starter_page_template</wp:meta_key>
    <wp:meta_value><![CDATA[]]></wp:meta_value>
  </wp:postmeta>
  <wp:postmeta>
    <wp:meta_key>_hs_old_id</wp:meta_key>
    <wp:meta_value><![CDATA[]]></wp:meta_value>
  </wp:postmeta>
  <wp:postmeta>
    <wp:meta_key>_wpas_skip_all_services</wp:meta_key>
    <wp:meta_value><![CDATA[1]]></wp:meta_value>
  </wp:postmeta>
  <wp:postmeta>
    <wp:meta_key>_publicize_pending</wp:meta_key>
    <wp:meta_value><![CDATA[1]]></wp:meta_value>
  </wp:postmeta>
  <wp:postmeta>
    <wp:meta_key>_elasticsearch_data_sharing_indexed_on</wp:meta_key>
    <wp:meta_value><![CDATA[2025-01-27 15:59:38]]></wp:meta_value>
  </wp:postmeta>
  <wp:postmeta>
    <wp:meta_key>_thumbnail_id</wp:meta_key>
    <wp:meta_value><![CDATA[15]]></wp:meta_value>
  </wp:postmeta>
</item>
<item>
  <title><![CDATA[Ventaja adaptativa]]></title>
  <link>https://rafaelacero.wordpress.com/2025/01/27/ventaja-adaptativa/</link>
  <pubDate>Mon, 27 Jan 2025 15:54:22 +0000</pubDate>
  <dc:creator>rafafcb12</dc:creator>
  <guid isPermaLink="false">https://rafaelacero.wordpress.com/2025/01/27/ventaja-adaptativa/</guid>
  <description/>
  <content:encoded><![CDATA[<!-- wp:paragraph -->
<p>Te damos la bienvenida a WordPress. Esta es una entrada de ejemplo. Empieza tu andadura en el mundo bloguero editándola o borrándola. Para añadir más contenido aquí, haz clic en el pequeño icono del signo más situado en la esquina superior izquierda. Allí encontrarás una selección de bloques y patrones de WordPress que se adaptan a todas tus necesidades de creación de contenidos. Y no te olvides de echar un vistazo a la vista de lista: haz clic en el icono que hay unos puntos a la derecha del icono del signo más y obtendrás una lista ordenada y fácil de ver de los bloques y patrones de tu entrada.</p>
<!-- /wp:paragraph -->]]></content:encoded>
  <excerpt:encoded><![CDATA[En un panorama empresarial en constante cambio, la adaptabilidad no es solo un rasgo: es una ventaja competitiva. Las empresas que aceptan el cambio, aprenden de los retos y pivotan cuando es necesario son las que no solo sobreviven, sino que prosperan en entornos inciertos.]]></excerpt:encoded>
  <wp:post_id>10</wp:post_id>
  <wp:post_date>2025-01-27 10:54:22</wp:post_date>
  <wp:post_date_gmt>2025-01-27 15:54:22</wp:post_date_gmt>
  <wp:post_modified>2025-01-27 10:54:22</wp:post_modified>
  <wp:post_modified_gmt>2025-01-27 15:54:22</wp:post_modified_gmt>
  <wp:comment_status>closed</wp:comment_status>
  <wp:ping_status>closed</wp:ping_status>
  <wp:post_name>ventaja-adaptativa</wp:post_name>
  <wp:status>publish</wp:status>
  <wp:post_parent>0</wp:post_parent>
  <wp:menu_order>0</wp:menu_order>
  <wp:post_type>post</wp:post_type>
  <wp:post_password/>
  <wp:is_sticky>0</wp:is_sticky>
  <category domain="category" nicename="uncategorized"><![CDATA[Uncategorized]]></category>
  <wp:postmeta>
    <wp:meta_key>_headstart_post</wp:meta_key>
    <wp:meta_value><![CDATA[_hs_extra]]></wp:meta_value>
  </wp:postmeta>
  <wp:postmeta>
    <wp:meta_key>sharing_disabled</wp:meta_key>
    <wp:meta_value><![CDATA[a:1:{i:0;N;}]]></wp:meta_value>
  </wp:postmeta>
  <wp:postmeta>
    <wp:meta_key>switch_like_status</wp:meta_key>
    <wp:meta_value><![CDATA[a:1:{i:0;N;}]]></wp:meta_value>
  </wp:postmeta>
  <wp:postmeta>
    <wp:meta_key>_starter_page_template</wp:meta_key>
    <wp:meta_value><![CDATA[]]></wp:meta_value>
  </wp:postmeta>
  <wp:postmeta>
    <wp:meta_key>_hs_old_id</wp:meta_key>
    <wp:meta_value><![CDATA[]]></wp:meta_value>
  </wp:postmeta>
  <wp:postmeta>
    <wp:meta_key>_wpas_skip_all_services</wp:meta_key>
    <wp:meta_value><![CDATA[1]]></wp:meta_value>
  </wp:postmeta>
  <wp:postmeta>
    <wp:meta_key>_publicize_pending</wp:meta_key>
    <wp:meta_value><![CDATA[1]]></wp:meta_value>
  </wp:postmeta>
  <wp:postmeta>
    <wp:meta_key>_elasticsearch_data_sharing_indexed_on</wp:meta_key>
    <wp:meta_value><![CDATA[2025-01-27 15:59:38]]></wp:meta_value>
  </wp:postmeta>
  <wp:postmeta>
    <wp:meta_key>_thumbnail_id</wp:meta_key>
    <wp:meta_value><![CDATA[16]]></wp:meta_value>
  </wp:postmeta>
</item>
<item>
  <title><![CDATA[Placeholder Image]]></title>
  <link>https://rafaelacero.wordpress.com/2025/01/27/el-arte-de-la-conexion/placeholder-image/</link>
  <pubDate>Mon, 27 Jan 2025 15:59:36 +0000</pubDate>
  <dc:creator>rafafcb12</dc:creator>
  <guid isPermaLink="false">http://rafaelacero.files.wordpress.com/2025/01/c35dd-fewer_post_3.png</guid>
  <description/>
  <content:encoded><![CDATA[]]></content:encoded>
  <excerpt:encoded><![CDATA[]]></excerpt:encoded>
  <wp:post_id>11</wp:post_id>
  <wp:post_date>2025-01-27 10:59:36</wp:post_date>
  <wp:post_date_gmt>2025-01-27 15:59:36</wp:post_date_gmt>
  <wp:post_modified>2025-01-27 10:59:36</wp:post_modified>
  <wp:post_modified_gmt>2025-01-27 15:59:36</wp:post_modified_gmt>
  <wp:comment_status>open</wp:comment_status>
  <wp:ping_status>closed</wp:ping_status>
  <wp:post_name>placeholder-image</wp:post_name>
  <wp:status>inherit</wp:status>
  <wp:post_parent>5</wp:post_parent>
  <wp:menu_order>0</wp:menu_order>
  <wp:post_type>attachment</wp:post_type>
  <wp:post_password/>
  <wp:is_sticky>0</wp:is_sticky>
  <wp:attachment_url>https://rafaelacero.wordpress.com/wp-content/uploads/2025/01/c35dd-fewer_post_3.png</wp:attachment_url>
  <wp:postmeta>
    <wp:meta_key>_wp_attached_file</wp:meta_key>
    <wp:meta_value><![CDATA[/home/wpcom/public_html/wp-content/blogs.dir/471/241125409/files/2025/01/c35dd-fewer_post_3.png]]></wp:meta_value>
  </wp:postmeta>
  <wp:postmeta>
    <wp:meta_key>_wp_attachment_metadata</wp:meta_key>
    <wp:meta_value><![CDATA[a:6:{s:5:"width";i:800;s:6:"height";i:532;s:4:"file";s:95:"/home/wpcom/public_html/wp-content/blogs.dir/471/241125409/files/2025/01/c35dd-fewer_post_3.png";s:8:"filesize";i:263038;s:5:"sizes";a:0:{}s:10:"image_meta";a:12:{s:8:"aperture";s:1:"0";s:6:"credit";s:0:"";s:6:"camera";s:0:"";s:7:"caption";s:0:"";s:17:"created_timestamp";s:1:"0";s:9:"copyright";s:0:"";s:12:"focal_length";s:1:"0";s:3:"iso";s:1:"0";s:13:"shutter_speed";s:1:"0";s:5:"title";s:0:"";s:11:"orientation";s:1:"0";s:8:"keywords";a:0:{}}}]]></wp:meta_value>
  </wp:postmeta>
</item>
<item>
  <title><![CDATA[Placeholder Image]]></title>
  <link>https://rafaelacero.wordpress.com/2025/01/27/mas-alla-del-obstaculo/placeholder-image-2/</link>
  <pubDate>Mon, 27 Jan 2025 15:59:37 +0000</pubDate>
  <dc:creator>rafafcb12</dc:creator>
  <guid isPermaLink="false">http://rafaelacero.files.wordpress.com/2025/01/c190e-fewer_post_4.png</guid>
  <description/>
  <content:encoded><![CDATA[]]></content:encoded>
  <excerpt:encoded><![CDATA[]]></excerpt:encoded>
  <wp:post_id>12</wp:post_id>
  <wp:post_date>2025-01-27 10:59:37</wp:post_date>
  <wp:post_date_gmt>2025-01-27 15:59:37</wp:post_date_gmt>
  <wp:post_modified>2025-01-27 10:59:37</wp:post_modified>
  <wp:post_modified_gmt>2025-01-27 15:59:37</wp:post_modified_gmt>
  <wp:comment_status>open</wp:comment_status>
  <wp:ping_status>closed</wp:ping_status>
  <wp:post_name>placeholder-image-2</wp:post_name>
  <wp:status>inherit</wp:status>
  <wp:post_parent>6</wp:post_parent>
  <wp:menu_order>0</wp:menu_order>
  <wp:post_type>attachment</wp:post_type>
  <wp:post_password/>
  <wp:is_sticky>0</wp:is_sticky>
  <wp:attachment_url>https://rafaelacero.wordpress.com/wp-content/uploads/2025/01/c190e-fewer_post_4.png</wp:attachment_url>
  <wp:postmeta>
    <wp:meta_key>_wp_attached_file</wp:meta_key>
    <wp:meta_value><![CDATA[/home/wpcom/public_html/wp-content/blogs.dir/471/241125409/files/2025/01/c190e-fewer_post_4.png]]></wp:meta_value>
  </wp:postmeta>
  <wp:postmeta>
    <wp:meta_key>_wp_attachment_metadata</wp:meta_key>
    <wp:meta_value><![CDATA[a:6:{s:5:"width";i:800;s:6:"height";i:531;s:4:"file";s:95:"/home/wpcom/public_html/wp-content/blogs.dir/471/241125409/files/2025/01/c190e-fewer_post_4.png";s:8:"filesize";i:263695;s:5:"sizes";a:0:{}s:10:"image_meta";a:12:{s:8:"aperture";s:1:"0";s:6:"credit";s:0:"";s:6:"camera";s:0:"";s:7:"caption";s:0:"";s:17:"created_timestamp";s:1:"0";s:9:"copyright";s:0:"";s:12:"focal_length";s:1:"0";s:3:"iso";s:1:"0";s:13:"shutter_speed";s:1:"0";s:5:"title";s:0:"";s:11:"orientation";s:1:"0";s:8:"keywords";a:0:{}}}]]></wp:meta_value>
  </wp:postmeta>
</item>
<item>
  <title><![CDATA[Placeholder Image]]></title>
  <link>https://rafaelacero.wordpress.com/2025/01/27/crecimiento-desbloqueado/placeholder-image-3/</link>
  <pubDate>Mon, 27 Jan 2025 15:59:37 +0000</pubDate>
  <dc:creator>rafafcb12</dc:creator>
  <guid isPermaLink="false">http://rafaelacero.files.wordpress.com/2025/01/b32a6-fewer_post_5.png</guid>
  <description/>
  <content:encoded><![CDATA[]]></content:encoded>
  <excerpt:encoded><![CDATA[]]></excerpt:encoded>
  <wp:post_id>13</wp:post_id>
  <wp:post_date>2025-01-27 10:59:37</wp:post_date>
  <wp:post_date_gmt>2025-01-27 15:59:37</wp:post_date_gmt>
  <wp:post_modified>2025-01-27 10:59:37</wp:post_modified>
  <wp:post_modified_gmt>2025-01-27 15:59:37</wp:post_modified_gmt>
  <wp:comment_status>open</wp:comment_status>
  <wp:ping_status>closed</wp:ping_status>
  <wp:post_name>placeholder-image-3</wp:post_name>
  <wp:status>inherit</wp:status>
  <wp:post_parent>7</wp:post_parent>
  <wp:menu_order>0</wp:menu_order>
  <wp:post_type>attachment</wp:post_type>
  <wp:post_password/>
  <wp:is_sticky>0</wp:is_sticky>
  <wp:attachment_url>https://rafaelacero.wordpress.com/wp-content/uploads/2025/01/b32a6-fewer_post_5.png</wp:attachment_url>
  <wp:postmeta>
    <wp:meta_key>_wp_attached_file</wp:meta_key>
    <wp:meta_value><![CDATA[/home/wpcom/public_html/wp-content/blogs.dir/471/241125409/files/2025/01/b32a6-fewer_post_5.png]]></wp:meta_value>
  </wp:postmeta>
  <wp:postmeta>
    <wp:meta_key>_wp_attachment_metadata</wp:meta_key>
    <wp:meta_value><![CDATA[a:6:{s:5:"width";i:800;s:6:"height";i:532;s:4:"file";s:95:"/home/wpcom/public_html/wp-content/blogs.dir/471/241125409/files/2025/01/b32a6-fewer_post_5.png";s:8:"filesize";i:165117;s:5:"sizes";a:0:{}s:10:"image_meta";a:12:{s:8:"aperture";s:1:"0";s:6:"credit";s:0:"";s:6:"camera";s:0:"";s:7:"caption";s:0:"";s:17:"created_timestamp";s:1:"0";s:9:"copyright";s:0:"";s:12:"focal_length";s:1:"0";s:3:"iso";s:1:"0";s:13:"shutter_speed";s:1:"0";s:5:"title";s:0:"";s:11:"orientation";s:1:"0";s:8:"keywords";a:0:{}}}]]></wp:meta_value>
  </wp:postmeta>
</item>
<item>
  <title><![CDATA[Placeholder Image]]></title>
  <link>https://rafaelacero.wordpress.com/2025/01/27/magia-de-la-colaboracion/placeholder-image-4/</link>
  <pubDate>Mon, 27 Jan 2025 15:59:37 +0000</pubDate>
  <dc:creator>rafafcb12</dc:creator>
  <guid isPermaLink="false">http://rafaelacero.files.wordpress.com/2025/01/7a39b-fewer_post_2.png</guid>
  <description/>
  <content:encoded><![CDATA[]]></content:encoded>
  <excerpt:encoded><![CDATA[]]></excerpt:encoded>
  <wp:post_id>14</wp:post_id>
  <wp:post_date>2025-01-27 10:59:37</wp:post_date>
  <wp:post_date_gmt>2025-01-27 15:59:37</wp:post_date_gmt>
  <wp:post_modified>2025-01-27 10:59:37</wp:post_modified>
  <wp:post_modified_gmt>2025-01-27 15:59:37</wp:post_modified_gmt>
  <wp:comment_status>open</wp:comment_status>
  <wp:ping_status>closed</wp:ping_status>
  <wp:post_name>placeholder-image-4</wp:post_name>
  <wp:status>inherit</wp:status>
  <wp:post_parent>8</wp:post_parent>
  <wp:menu_order>0</wp:menu_order>
  <wp:post_type>attachment</wp:post_type>
  <wp:post_password/>
  <wp:is_sticky>0</wp:is_sticky>
  <wp:attachment_url>https://rafaelacero.wordpress.com/wp-content/uploads/2025/01/7a39b-fewer_post_2.png</wp:attachment_url>
  <wp:postmeta>
    <wp:meta_key>_wp_attached_file</wp:meta_key>
    <wp:meta_value><![CDATA[/home/wpcom/public_html/wp-content/blogs.dir/471/241125409/files/2025/01/7a39b-fewer_post_2.png]]></wp:meta_value>
  </wp:postmeta>
  <wp:postmeta>
    <wp:meta_key>_wp_attachment_metadata</wp:meta_key>
    <wp:meta_value><![CDATA[a:6:{s:5:"width";i:800;s:6:"height";i:530;s:4:"file";s:95:"/home/wpcom/public_html/wp-content/blogs.dir/471/241125409/files/2025/01/7a39b-fewer_post_2.png";s:8:"filesize";i:275580;s:5:"sizes";a:0:{}s:10:"image_meta";a:12:{s:8:"aperture";s:1:"0";s:6:"credit";s:0:"";s:6:"camera";s:0:"";s:7:"caption";s:0:"";s:17:"created_timestamp";s:1:"0";s:9:"copyright";s:0:"";s:12:"focal_length";s:1:"0";s:3:"iso";s:1:"0";s:13:"shutter_speed";s:1:"0";s:5:"title";s:0:"";s:11:"orientation";s:1:"0";s:8:"keywords";a:0:{}}}]]></wp:meta_value>
  </wp:postmeta>
</item>
<item>
  <title><![CDATA[Placeholder Image]]></title>
  <link>https://rafaelacero.wordpress.com/2025/01/27/triunfo-del-trabajo-en-equipo/placeholder-image-5/</link>
  <pubDate>Mon, 27 Jan 2025 15:59:38 +0000</pubDate>
  <dc:creator>rafafcb12</dc:creator>
  <guid isPermaLink="false">http://rafaelacero.files.wordpress.com/2025/01/bffa5-fewer_orestad_2.png</guid>
  <description/>
  <content:encoded><![CDATA[]]></content:encoded>
  <excerpt:encoded><![CDATA[]]></excerpt:encoded>
  <wp:post_id>15</wp:post_id>
  <wp:post_date>2025-01-27 10:59:38</wp:post_date>
  <wp:post_date_gmt>2025-01-27 15:59:38</wp:post_date_gmt>
  <wp:post_modified>2025-01-27 10:59:38</wp:post_modified>
  <wp:post_modified_gmt>2025-01-27 15:59:38</wp:post_modified_gmt>
  <wp:comment_status>open</wp:comment_status>
  <wp:ping_status>closed</wp:ping_status>
  <wp:post_name>placeholder-image-5</wp:post_name>
  <wp:status>inherit</wp:status>
  <wp:post_parent>9</wp:post_parent>
  <wp:menu_order>0</wp:menu_order>
  <wp:post_type>attachment</wp:post_type>
  <wp:post_password/>
  <wp:is_sticky>0</wp:is_sticky>
  <wp:attachment_url>https://rafaelacero.wordpress.com/wp-content/uploads/2025/01/bffa5-fewer_orestad_2.png</wp:attachment_url>
  <wp:postmeta>
    <wp:meta_key>_wp_attached_file</wp:meta_key>
    <wp:meta_value><![CDATA[/home/wpcom/public_html/wp-content/blogs.dir/471/241125409/files/2025/01/bffa5-fewer_orestad_2.png]]></wp:meta_value>
  </wp:postmeta>
  <wp:postmeta>
    <wp:meta_key>_wp_attachment_metadata</wp:meta_key>
    <wp:meta_value><![CDATA[a:6:{s:5:"width";i:799;s:6:"height";i:651;s:4:"file";s:98:"/home/wpcom/public_html/wp-content/blogs.dir/471/241125409/files/2025/01/bffa5-fewer_orestad_2.png";s:8:"filesize";i:275178;s:5:"sizes";a:0:{}s:10:"image_meta";a:12:{s:8:"aperture";s:1:"0";s:6:"credit";s:0:"";s:6:"camera";s:0:"";s:7:"caption";s:0:"";s:17:"created_timestamp";s:1:"0";s:9:"copyright";s:0:"";s:12:"focal_length";s:1:"0";s:3:"iso";s:1:"0";s:13:"shutter_speed";s:1:"0";s:5:"title";s:0:"";s:11:"orientation";s:1:"0";s:8:"keywords";a:0:{}}}]]></wp:meta_value>
  </wp:postmeta>
</item>
<item>
  <title><![CDATA[Placeholder Image]]></title>
  <link>https://rafaelacero.wordpress.com/2025/01/27/ventaja-adaptativa/placeholder-image-6/</link>
  <pubDate>Mon, 27 Jan 2025 15:59:38 +0000</pubDate>
  <dc:creator>rafafcb12</dc:creator>
  <guid isPermaLink="false">http://rafaelacero.files.wordpress.com/2025/01/90e3e-fewer_post_1.png</guid>
  <description/>
  <content:encoded><![CDATA[]]></content:encoded>
  <excerpt:encoded><![CDATA[]]></excerpt:encoded>
  <wp:post_id>16</wp:post_id>
  <wp:post_date>2025-01-27 10:59:38</wp:post_date>
  <wp:post_date_gmt>2025-01-27 15:59:38</wp:post_date_gmt>
  <wp:post_modified>2025-01-27 10:59:38</wp:post_modified>
  <wp:post_modified_gmt>2025-01-27 15:59:38</wp:post_modified_gmt>
  <wp:comment_status>open</wp:comment_status>
  <wp:ping_status>closed</wp:ping_status>
  <wp:post_name>placeholder-image-6</wp:post_name>
  <wp:status>inherit</wp:status>
  <wp:post_parent>10</wp:post_parent>
  <wp:menu_order>0</wp:menu_order>
  <wp:post_type>attachment</wp:post_type>
  <wp:post_password/>
  <wp:is_sticky>0</wp:is_sticky>
  <wp:attachment_url>https://rafaelacero.wordpress.com/wp-content/uploads/2025/01/90e3e-fewer_post_1.png</wp:attachment_url>
  <wp:postmeta>
    <wp:meta_key>_wp_attached_file</wp:meta_key>
    <wp:meta_value><![CDATA[/home/wpcom/public_html/wp-content/blogs.dir/471/241125409/files/2025/01/90e3e-fewer_post_1.png]]></wp:meta_value>
  </wp:postmeta>
  <wp:postmeta>
    <wp:meta_key>_wp_attachment_metadata</wp:meta_key>
    <wp:meta_value><![CDATA[a:6:{s:5:"width";i:800;s:6:"height";i:514;s:4:"file";s:95:"/home/wpcom/public_html/wp-content/blogs.dir/471/241125409/files/2025/01/90e3e-fewer_post_1.png";s:8:"filesize";i:216169;s:5:"sizes";a:0:{}s:10:"image_meta";a:12:{s:8:"aperture";s:1:"0";s:6:"credit";s:0:"";s:6:"camera";s:0:"";s:7:"caption";s:0:"";s:17:"created_timestamp";s:1:"0";s:9:"copyright";s:0:"";s:12:"focal_length";s:1:"0";s:3:"iso";s:1:"0";s:13:"shutter_speed";s:1:"0";s:5:"title";s:0:"";s:11:"orientation";s:1:"0";s:8:"keywords";a:0:{}}}]]></wp:meta_value>
  </wp:postmeta>
</item>
<item>
  <title><![CDATA[Navegación]]></title>
  <link>https://rafaelacero.wordpress.com/2025/01/27/navigation/</link>
  <pubDate>Mon, 27 Jan 2025 15:59:40 +0000</pubDate>
  <dc:creator>rafafcb12</dc:creator>
  <guid isPermaLink="false">https://rafaelacero.wordpress.com/2025/01/27/navigation/</guid>
  <description/>
  <content:encoded><![CDATA[<!-- wp:navigation-link {"label":"Inicio","type":"page","id":20,"url":"https://rafaelacero.wordpress.com/","kind":"post-type"} /-->

<!-- wp:navigation-link {"label":"About","type":"page","id":1,"url":"https://rafaelacero.wordpress.com/about/","kind":"post-type"} /-->

<!-- wp:navigation-link {"label":"Linkedin","url":"https://www.linkedin.com/in/rafael-acero/","kind":"custom"} /-->

<!-- wp:navigation-link {"label":"Curriculum","url":"https://github.com/rafaelacero/cb/blob/main/rafael-acero-cv-2025.pdf","kind":"custom"} /-->

<!-- wp:navigation-link {"label":"Blog","type":"page","id":22,"url":"https://rafaelacero.wordpress.com/blog/","kind":"post-type"} /-->

<!-- wp:navigation-link {"label":"Contacto","type":"page","id":46,"url":"https://rafaelacero.wordpress.com/contacto/","kind":"post-type"} /-->]]></content:encoded>
  <excerpt:encoded><![CDATA[]]></excerpt:encoded>
  <wp:post_id>17</wp:post_id>
  <wp:post_date>2025-01-27 10:59:40</wp:post_date>
  <wp:post_date_gmt>2025-01-27 15:59:40</wp:post_date_gmt>
  <wp:post_modified>2025-02-10 11:54:32</wp:post_modified>
  <wp:post_modified_gmt>2025-02-10 16:54:32</wp:post_modified_gmt>
  <wp:comment_status>closed</wp:comment_status>
  <wp:ping_status>closed</wp:ping_status>
  <wp:post_name>navigation</wp:post_name>
  <wp:status>publish</wp:status>
  <wp:post_parent>0</wp:post_parent>
  <wp:menu_order>0</wp:menu_order>
  <wp:post_type>wp_navigation</wp:post_type>
  <wp:post_password/>
  <wp:is_sticky>0</wp:is_sticky>
</item>
<item>
  <title><![CDATA[WhatsApp Image 2025-01-27 at 11.29.20]]></title>
  <link>https://rafaelacero.wordpress.com/whatsapp-image-2025-01-27-at-11-29-20/</link>
  <pubDate>Mon, 27 Jan 2025 16:29:48 +0000</pubDate>
  <dc:creator>rafafcb12</dc:creator>
  <guid isPermaLink="false">http://rafaelacero.files.wordpress.com/2025/01/whatsapp-image-2025-01-27-at-11.29.20.jpeg</guid>
  <description/>
  <content:encoded><![CDATA[]]></content:encoded>
  <excerpt:encoded><![CDATA[]]></excerpt:encoded>
  <wp:post_id>18</wp:post_id>
  <wp:post_date>2025-01-27 11:29:48</wp:post_date>
  <wp:post_date_gmt>2025-01-27 16:29:48</wp:post_date_gmt>
  <wp:post_modified>2025-01-27 11:29:48</wp:post_modified>
  <wp:post_modified_gmt>2025-01-27 16:29:48</wp:post_modified_gmt>
  <wp:comment_status>open</wp:comment_status>
  <wp:ping_status>closed</wp:ping_status>
  <wp:post_name>whatsapp-image-2025-01-27-at-11-29-20</wp:post_name>
  <wp:status>inherit</wp:status>
  <wp:post_parent>0</wp:post_parent>
  <wp:menu_order>0</wp:menu_order>
  <wp:post_type>attachment</wp:post_type>
  <wp:post_password/>
  <wp:is_sticky>0</wp:is_sticky>
  <wp:attachment_url>https://rafaelacero.wordpress.com/wp-content/uploads/2025/01/whatsapp-image-2025-01-27-at-11.29.20.jpeg</wp:attachment_url>
  <wp:postmeta>
    <wp:meta_key>_wp_attached_file</wp:meta_key>
    <wp:meta_value><![CDATA[/home/wpcom/public_html/wp-content/blogs.dir/471/241125409/files/2025/01/whatsapp-image-2025-01-27-at-11.29.20.jpeg]]></wp:meta_value>
  </wp:postmeta>
  <wp:postmeta>
    <wp:meta_key>_wp_attachment_metadata</wp:meta_key>
    <wp:meta_value><![CDATA[a:6:{s:5:"width";i:739;s:6:"height";i:1600;s:4:"file";s:115:"/home/wpcom/public_html/wp-content/blogs.dir/471/241125409/files/2025/01/whatsapp-image-2025-01-27-at-11.29.20.jpeg";s:8:"filesize";i:57596;s:5:"sizes";a:0:{}s:10:"image_meta";a:12:{s:8:"aperture";s:1:"0";s:6:"credit";s:0:"";s:6:"camera";s:0:"";s:7:"caption";s:0:"";s:17:"created_timestamp";s:1:"0";s:9:"copyright";s:0:"";s:12:"focal_length";s:1:"0";s:3:"iso";s:1:"0";s:13:"shutter_speed";s:1:"0";s:5:"title";s:0:"";s:11:"orientation";s:1:"0";s:8:"keywords";a:0:{}}}]]></wp:meta_value>
  </wp:postmeta>
</item>
<item>
  <title><![CDATA[cropped-whatsapp-image-2025-01-27-at-11.29.20]]></title>
  <link>https://rafaelacero.wordpress.com/cropped-whatsapp-image-2025-01-27-at-11-29-20/</link>
  <pubDate>Mon, 27 Jan 2025 16:30:12 +0000</pubDate>
  <dc:creator>rafafcb12</dc:creator>
  <guid isPermaLink="false">http://rafaelacero.files.wordpress.com/2025/01/cropped-whatsapp-image-2025-01-27-at-11.29.20.jpeg</guid>
  <description/>
  <content:encoded><![CDATA[]]></content:encoded>
  <excerpt:encoded><![CDATA[]]></excerpt:encoded>
  <wp:post_id>19</wp:post_id>
  <wp:post_date>2025-01-27 11:30:12</wp:post_date>
  <wp:post_date_gmt>2025-01-27 16:30:12</wp:post_date_gmt>
  <wp:post_modified>2025-01-27 11:30:12</wp:post_modified>
  <wp:post_modified_gmt>2025-01-27 16:30:12</wp:post_modified_gmt>
  <wp:comment_status>open</wp:comment_status>
  <wp:ping_status>closed</wp:ping_status>
  <wp:post_name>cropped-whatsapp-image-2025-01-27-at-11-29-20</wp:post_name>
  <wp:status>inherit</wp:status>
  <wp:post_parent>0</wp:post_parent>
  <wp:menu_order>0</wp:menu_order>
  <wp:post_type>attachment</wp:post_type>
  <wp:post_password/>
  <wp:is_sticky>0</wp:is_sticky>
  <wp:attachment_url>https://rafaelacero.wordpress.com/wp-content/uploads/2025/01/cropped-whatsapp-image-2025-01-27-at-11.29.20.jpeg</wp:attachment_url>
  <wp:postmeta>
    <wp:meta_key>_wp_attached_file</wp:meta_key>
    <wp:meta_value><![CDATA[/home/wpcom/public_html/wp-content/blogs.dir/471/241125409/files/2025/01/cropped-whatsapp-image-2025-01-27-at-11.29.20.jpeg]]></wp:meta_value>
  </wp:postmeta>
  <wp:postmeta>
    <wp:meta_key>_wp_attachment_metadata</wp:meta_key>
    <wp:meta_value><![CDATA[a:6:{s:5:"width";i:658;s:6:"height";i:658;s:4:"file";s:123:"/home/wpcom/public_html/wp-content/blogs.dir/471/241125409/files/2025/01/cropped-whatsapp-image-2025-01-27-at-11.29.20.jpeg";s:8:"filesize";i:211459;s:5:"sizes";a:0:{}s:10:"image_meta";a:12:{s:8:"aperture";s:1:"0";s:6:"credit";s:0:"";s:6:"camera";s:0:"";s:7:"caption";s:0:"";s:17:"created_timestamp";s:1:"0";s:9:"copyright";s:0:"";s:12:"focal_length";s:1:"0";s:3:"iso";s:1:"0";s:13:"shutter_speed";s:1:"0";s:5:"title";s:0:"";s:11:"orientation";s:1:"0";s:8:"keywords";a:0:{}}}]]></wp:meta_value>
  </wp:postmeta>
</item>
<item>
  <title><![CDATA[Inicio]]></title>
  <link>https://rafaelacero.wordpress.com/</link>
  <pubDate>Mon, 27 Jan 2025 16:41:17 +0000</pubDate>
  <dc:creator>rafafcb12</dc:creator>
  <guid isPermaLink="false">https://rafaelacero.wordpress.com/?page_id=20</guid>
  <description/>
  <content:encoded><![CDATA[<!-- wp:group {"metadata":{"name":"Header","categories":["header"],"patternName":"a8c/header-logo-left-menu-centered-social-right"},"align":"full","style":{"spacing":{"padding":{"top":"var:preset|spacing|30","bottom":"var:preset|spacing|30","left":"var(\u002d\u002dwp\u002d\u002dstyle\u002d\u002droot\u002d\u002dpadding-left, var(\u002d\u002dwp\u002d\u002dcustom\u002d\u002dgap\u002d\u002dhorizontal))","right":"var(\u002d\u002dwp\u002d\u002dstyle\u002d\u002droot\u002d\u002dpadding-right, var(\u002d\u002dwp\u002d\u002dcustom\u002d\u002dgap\u002d\u002dhorizontal))"},"margin":{"top":"0","bottom":"0"}}},"layout":{"type":"constrained","justifyContent":"center"}} -->
<div class="wp-block-group alignfull" style="margin-top:0;margin-bottom:0;padding-top:var(--wp--preset--spacing--30);padding-right:var(--wp--style--root--padding-right, var(--wp--custom--gap--horizontal));padding-bottom:var(--wp--preset--spacing--30);padding-left:var(--wp--style--root--padding-left, var(--wp--custom--gap--horizontal))"><!-- wp:group {"tagName":"header","metadata":{"name":"Contents"},"align":"wide","style":{"spacing":{"margin":{"top":"0","bottom":"0"},"blockGap":"var:preset|spacing|40"}},"layout":{"type":"flex","flexWrap":"nowrap","justifyContent":"space-between"}} -->
<header class="wp-block-group alignwide" style="margin-top:0;margin-bottom:0"><!-- wp:group {"className":"grow  md:grow-0","style":{"layout":{"selfStretch":"fixed","flexSize":"25%"}},"layout":{"type":"flex","flexWrap":"nowrap","justifyContent":"left"}} -->
<div class="wp-block-group grow md:grow-0"><!-- wp:site-title /--></div>
<!-- /wp:group -->

<!-- wp:navigation {"ref":17,"className":"order-1 md:order-0","style":{"layout":{"selfStretch":"fit","flexSize":null}},"layout":{"type":"flex","justifyContent":"center"}} /-->

<!-- wp:group {"className":"grow md:grow-0","style":{"spacing":{"blockGap":"var:preset|spacing|20"},"layout":{"selfStretch":"fixed","flexSize":"25%"}},"layout":{"type":"flex","flexWrap":"nowrap","justifyContent":"right"}} -->
<div class="wp-block-group grow md:grow-0"><!-- wp:social-links {"className":"is-style-logos-only","style":{"spacing":{"blockGap":{"left":"8px"}}},"layout":{"type":"flex","flexWrap":"nowrap"}} -->
<ul class="wp-block-social-links is-style-logos-only"><!-- wp:social-link {"url":"https://www.linkedin.com/in/rafael-acero/","service":"linkedin"} /-->

<!-- wp:social-link {"url":"https://github.com/rafaelacero","service":"github"} /--></ul>
<!-- /wp:social-links --></div>
<!-- /wp:group --></header>
<!-- /wp:group --></div>
<!-- /wp:group -->

<!-- wp:media-text {"align":"full","mediaId":27,"mediaLink":"https://rafaelacero.wordpress.com/3-jpg/","mediaType":"image","imageFill":true} -->
<div class="wp-block-media-text alignfull is-stacked-on-mobile is-image-fill-element"><figure class="wp-block-media-text__media"><img src="https://rafaelacero.wordpress.com/wp-content/uploads/2025/01/3-jpg.png?w=311" alt="" class="wp-image-27 size-full" style="object-position:50% 50%" /></figure><div class="wp-block-media-text__content"><!-- wp:cover {"overlayColor":"background","isUserOverlayColor":true,"minHeight":95,"minHeightUnit":"vh","className":"is-light"} -->
<div class="wp-block-cover is-light" style="min-height:95vh"><span aria-hidden="true" class="wp-block-cover__background has-background-background-color has-background-dim-100 has-background-dim"></span><div class="wp-block-cover__inner-container"><!-- wp:image {"id":26,"sizeSlug":"large","linkDestination":"none","align":"center","className":"is-resized is-style-rounded"} -->
<figure class="wp-block-image aligncenter size-large is-resized is-style-rounded"><img src="https://rafaelacero.wordpress.com/wp-content/uploads/2025/01/rafael-acero.jpg-1.png?w=285" alt="" class="wp-image-26" /></figure>
<!-- /wp:image -->

<!-- wp:heading {"textAlign":"center","level":1,"style":{"elements":{"link":{"color":{"text":"var:preset|color|primary"}}}},"textColor":"primary"} -->
<h1 class="wp-block-heading has-text-align-center has-primary-color has-text-color has-link-color"><strong>Rafael Acero</strong></h1>
<!-- /wp:heading -->

<!-- wp:paragraph {"align":"center","style":{"elements":{"link":{"color":{"text":"var:preset|color|primary"}}}},"backgroundColor":"background","textColor":"primary"} -->
<p class="has-text-align-center has-primary-color has-background-background-color has-text-color has-background has-link-color">Especialista en marketing digital y comercio electrónico, apasionado por las tendencias digitales y la implementación de soluciones creativas, busco aportar valor a proyectos enfocados en el crecimiento y la innovación</p>
<!-- /wp:paragraph -->

<!-- wp:social-links {"align":"center","className":"is-style-default"} -->
<ul class="wp-block-social-links aligncenter is-style-default"><!-- wp:social-link {"url":"https://www.linkedin.com/in/rafael-acero/","service":"linkedin"} /-->

<!-- wp:social-link {"url":"https://github.com/rafaelacero","service":"chain"} /--></ul>
<!-- /wp:social-links --></div></div>
<!-- /wp:cover --></div></div>
<!-- /wp:media-text -->

<!-- wp:paragraph -->
<p></p>
<!-- /wp:paragraph -->]]></content:encoded>
  <excerpt:encoded><![CDATA[]]></excerpt:encoded>
  <wp:post_id>20</wp:post_id>
  <wp:post_date>2025-01-27 11:41:17</wp:post_date>
  <wp:post_date_gmt>2025-01-27 16:41:17</wp:post_date_gmt>
  <wp:post_modified>2025-02-10 12:01:54</wp:post_modified>
  <wp:post_modified_gmt>2025-02-10 17:01:54</wp:post_modified_gmt>
  <wp:comment_status>closed</wp:comment_status>
  <wp:ping_status>closed</wp:ping_status>
  <wp:post_name>inicio</wp:post_name>
  <wp:status>publish</wp:status>
  <wp:post_parent>0</wp:post_parent>
  <wp:menu_order>0</wp:menu_order>
  <wp:post_type>page</wp:post_type>
  <wp:post_password/>
  <wp:is_sticky>0</wp:is_sticky>
  <wp:postmeta>
    <wp:meta_key>_tft_homepage_template</wp:meta_key>
    <wp:meta_value><![CDATA[pub/baker]]></wp:meta_value>
  </wp:postmeta>
  <wp:postmeta>
    <wp:meta_key>_publicize_pending</wp:meta_key>
    <wp:meta_value><![CDATA[1]]></wp:meta_value>
  </wp:postmeta>
  <wp:postmeta>
    <wp:meta_key>_elasticsearch_data_sharing_indexed_on</wp:meta_key>
    <wp:meta_value><![CDATA[2025-01-27 16:41:21]]></wp:meta_value>
  </wp:postmeta>
  <wp:postmeta>
    <wp:meta_key>_g_feedback_shortcode_c82b0ba146d52d665b0cc06a6bdfb76a5a21cebd</wp:meta_key>
    <wp:meta_value><![CDATA[
				[contact-field label="Nombre" type="name"  required="true" /]
				[contact-field label="Correo electrónico" type="email" required="true" /]
				[contact-field label="Web" type="url" /]
				[contact-field label="Mensaje" type="textarea" /]]]></wp:meta_value>
  </wp:postmeta>
  <wp:postmeta>
    <wp:meta_key>_g_feedback_shortcode_atts_c82b0ba146d52d665b0cc06a6bdfb76a5a21cebd</wp:meta_key>
    <wp:meta_value><![CDATA[a:17:{s:2:"to";s:19:"rafafcb12@gmail.com";s:7:"subject";s:21:"[Rafael Acero] Inicio";s:12:"show_subject";s:2:"no";s:6:"widget";i:0;s:14:"block_template";N;s:19:"block_template_part";N;s:2:"id";i:20;s:18:"submit_button_text";s:6:"Enviar";s:14:"customThankyou";s:0:"";s:21:"customThankyouHeading";s:24:"Se ha enviado tu mensaje";s:21:"customThankyouMessage";s:24:"¡Gracias por tu envío!";s:22:"customThankyouRedirect";s:0:"";s:10:"jetpackCRM";b:1;s:9:"className";N;s:9:"postToUrl";N;s:14:"salesforceData";N;s:12:"hiddenFields";N;}]]></wp:meta_value>
  </wp:postmeta>
  <wp:postmeta>
    <wp:meta_key>_last_editor_used_jetpack</wp:meta_key>
    <wp:meta_value><![CDATA[block-editor]]></wp:meta_value>
  </wp:postmeta>
</item>
<item>
  <title><![CDATA[Blog]]></title>
  <link>https://rafaelacero.wordpress.com/blog/</link>
  <pubDate>Mon, 27 Jan 2025 16:41:19 +0000</pubDate>
  <dc:creator>rafafcb12</dc:creator>
  <guid isPermaLink="false">https://rafaelacero.wordpress.com/blog/</guid>
  <description/>
  <content:encoded><![CDATA[]]></content:encoded>
  <excerpt:encoded><![CDATA[]]></excerpt:encoded>
  <wp:post_id>22</wp:post_id>
  <wp:post_date>2025-01-27 11:41:19</wp:post_date>
  <wp:post_date_gmt>2025-01-27 16:41:19</wp:post_date_gmt>
  <wp:post_modified>2025-01-27 11:41:19</wp:post_modified>
  <wp:post_modified_gmt>2025-01-27 16:41:19</wp:post_modified_gmt>
  <wp:comment_status>closed</wp:comment_status>
  <wp:ping_status>closed</wp:ping_status>
  <wp:post_name>blog</wp:post_name>
  <wp:status>publish</wp:status>
  <wp:post_parent>0</wp:post_parent>
  <wp:menu_order>0</wp:menu_order>
  <wp:post_type>page</wp:post_type>
  <wp:post_password/>
  <wp:is_sticky>0</wp:is_sticky>
  <wp:postmeta>
    <wp:meta_key>_tft_posts_page</wp:meta_key>
    <wp:meta_value><![CDATA[1]]></wp:meta_value>
  </wp:postmeta>
  <wp:postmeta>
    <wp:meta_key>_publicize_pending</wp:meta_key>
    <wp:meta_value><![CDATA[1]]></wp:meta_value>
  </wp:postmeta>
  <wp:postmeta>
    <wp:meta_key>_elasticsearch_data_sharing_indexed_on</wp:meta_key>
    <wp:meta_value><![CDATA[2025-01-27 16:41:21]]></wp:meta_value>
  </wp:postmeta>
</item>
<item>
  <title><![CDATA[WhatsApp Image 2025-01-20 at 11.58.08]]></title>
  <link>https://rafaelacero.wordpress.com/inicio/whatsapp-image-2025-01-20-at-11-58-08/</link>
  <pubDate>Mon, 27 Jan 2025 16:44:39 +0000</pubDate>
  <dc:creator>rafafcb12</dc:creator>
  <guid isPermaLink="false">http://rafaelacero.files.wordpress.com/2025/01/whatsapp-image-2025-01-20-at-11.58.08.jpeg</guid>
  <description/>
  <content:encoded><![CDATA[]]></content:encoded>
  <excerpt:encoded><![CDATA[]]></excerpt:encoded>
  <wp:post_id>23</wp:post_id>
  <wp:post_date>2025-01-27 11:44:39</wp:post_date>
  <wp:post_date_gmt>2025-01-27 16:44:39</wp:post_date_gmt>
  <wp:post_modified>2025-01-27 11:44:39</wp:post_modified>
  <wp:post_modified_gmt>2025-01-27 16:44:39</wp:post_modified_gmt>
  <wp:comment_status>open</wp:comment_status>
  <wp:ping_status>closed</wp:ping_status>
  <wp:post_name>whatsapp-image-2025-01-20-at-11-58-08</wp:post_name>
  <wp:status>inherit</wp:status>
  <wp:post_parent>20</wp:post_parent>
  <wp:menu_order>0</wp:menu_order>
  <wp:post_type>attachment</wp:post_type>
  <wp:post_password/>
  <wp:is_sticky>0</wp:is_sticky>
  <wp:attachment_url>https://rafaelacero.wordpress.com/wp-content/uploads/2025/01/whatsapp-image-2025-01-20-at-11.58.08.jpeg</wp:attachment_url>
  <wp:postmeta>
    <wp:meta_key>_wp_attached_file</wp:meta_key>
    <wp:meta_value><![CDATA[/home/wpcom/public_html/wp-content/blogs.dir/471/241125409/files/2025/01/whatsapp-image-2025-01-20-at-11.58.08.jpeg]]></wp:meta_value>
  </wp:postmeta>
  <wp:postmeta>
    <wp:meta_key>_wp_attachment_metadata</wp:meta_key>
    <wp:meta_value><![CDATA[a:6:{s:5:"width";i:2471;s:6:"height";i:2769;s:4:"file";s:115:"/home/wpcom/public_html/wp-content/blogs.dir/471/241125409/files/2025/01/whatsapp-image-2025-01-20-at-11.58.08.jpeg";s:8:"filesize";i:438901;s:5:"sizes";a:0:{}s:10:"image_meta";a:12:{s:8:"aperture";s:1:"0";s:6:"credit";s:0:"";s:6:"camera";s:0:"";s:7:"caption";s:0:"";s:17:"created_timestamp";s:1:"0";s:9:"copyright";s:0:"";s:12:"focal_length";s:1:"0";s:3:"iso";s:1:"0";s:13:"shutter_speed";s:1:"0";s:5:"title";s:0:"";s:11:"orientation";s:1:"0";s:8:"keywords";a:0:{}}}]]></wp:meta_value>
  </wp:postmeta>
</item>
<item>
  <title><![CDATA[RAFAEL ACERO.JPG]]></title>
  <link>https://rafaelacero.wordpress.com/inicio/rafael-acero-jpg/</link>
  <pubDate>Mon, 27 Jan 2025 16:49:39 +0000</pubDate>
  <dc:creator>rafafcb12</dc:creator>
  <guid isPermaLink="false">http://rafaelacero.files.wordpress.com/2025/01/rafael-acero.jpg.png</guid>
  <description/>
  <content:encoded><![CDATA[]]></content:encoded>
  <excerpt:encoded><![CDATA[]]></excerpt:encoded>
  <wp:post_id>25</wp:post_id>
  <wp:post_date>2025-01-27 11:49:39</wp:post_date>
  <wp:post_date_gmt>2025-01-27 16:49:39</wp:post_date_gmt>
  <wp:post_modified>2025-01-27 11:49:39</wp:post_modified>
  <wp:post_modified_gmt>2025-01-27 16:49:39</wp:post_modified_gmt>
  <wp:comment_status>open</wp:comment_status>
  <wp:ping_status>closed</wp:ping_status>
  <wp:post_name>rafael-acero-jpg</wp:post_name>
  <wp:status>inherit</wp:status>
  <wp:post_parent>20</wp:post_parent>
  <wp:menu_order>0</wp:menu_order>
  <wp:post_type>attachment</wp:post_type>
  <wp:post_password/>
  <wp:is_sticky>0</wp:is_sticky>
  <wp:attachment_url>https://rafaelacero.wordpress.com/wp-content/uploads/2025/01/rafael-acero.jpg.png</wp:attachment_url>
  <wp:postmeta>
    <wp:meta_key>_wp_attached_file</wp:meta_key>
    <wp:meta_value><![CDATA[/home/wpcom/public_html/wp-content/blogs.dir/471/241125409/files/2025/01/rafael-acero.jpg.png]]></wp:meta_value>
  </wp:postmeta>
  <wp:postmeta>
    <wp:meta_key>_wp_attachment_metadata</wp:meta_key>
    <wp:meta_value><![CDATA[a:6:{s:5:"width";i:285;s:6:"height";i:311;s:4:"file";s:93:"/home/wpcom/public_html/wp-content/blogs.dir/471/241125409/files/2025/01/rafael-acero.jpg.png";s:8:"filesize";i:94060;s:5:"sizes";a:0:{}s:10:"image_meta";a:12:{s:8:"aperture";s:1:"0";s:6:"credit";s:0:"";s:6:"camera";s:0:"";s:7:"caption";s:0:"";s:17:"created_timestamp";s:1:"0";s:9:"copyright";s:0:"";s:12:"focal_length";s:1:"0";s:3:"iso";s:1:"0";s:13:"shutter_speed";s:1:"0";s:5:"title";s:0:"";s:11:"orientation";s:1:"0";s:8:"keywords";a:0:{}}}]]></wp:meta_value>
  </wp:postmeta>
</item>
<item>
  <title><![CDATA[RAFAEL ACERO.JPG]]></title>
  <link>https://rafaelacero.wordpress.com/inicio/rafael-acero-jpg-2/</link>
  <pubDate>Mon, 27 Jan 2025 16:49:50 +0000</pubDate>
  <dc:creator>rafafcb12</dc:creator>
  <guid isPermaLink="false">http://rafaelacero.files.wordpress.com/2025/01/rafael-acero.jpg-1.png</guid>
  <description/>
  <content:encoded><![CDATA[]]></content:encoded>
  <excerpt:encoded><![CDATA[]]></excerpt:encoded>
  <wp:post_id>26</wp:post_id>
  <wp:post_date>2025-01-27 11:49:50</wp:post_date>
  <wp:post_date_gmt>2025-01-27 16:49:50</wp:post_date_gmt>
  <wp:post_modified>2025-01-27 11:49:50</wp:post_modified>
  <wp:post_modified_gmt>2025-01-27 16:49:50</wp:post_modified_gmt>
  <wp:comment_status>open</wp:comment_status>
  <wp:ping_status>closed</wp:ping_status>
  <wp:post_name>rafael-acero-jpg-2</wp:post_name>
  <wp:status>inherit</wp:status>
  <wp:post_parent>20</wp:post_parent>
  <wp:menu_order>0</wp:menu_order>
  <wp:post_type>attachment</wp:post_type>
  <wp:post_password/>
  <wp:is_sticky>0</wp:is_sticky>
  <wp:attachment_url>https://rafaelacero.wordpress.com/wp-content/uploads/2025/01/rafael-acero.jpg-1.png</wp:attachment_url>
  <wp:postmeta>
    <wp:meta_key>_wp_attached_file</wp:meta_key>
    <wp:meta_value><![CDATA[/home/wpcom/public_html/wp-content/blogs.dir/471/241125409/files/2025/01/rafael-acero.jpg-1.png]]></wp:meta_value>
  </wp:postmeta>
  <wp:postmeta>
    <wp:meta_key>_wp_attachment_metadata</wp:meta_key>
    <wp:meta_value><![CDATA[a:6:{s:5:"width";i:285;s:6:"height";i:311;s:4:"file";s:95:"/home/wpcom/public_html/wp-content/blogs.dir/471/241125409/files/2025/01/rafael-acero.jpg-1.png";s:8:"filesize";i:94060;s:5:"sizes";a:0:{}s:10:"image_meta";a:12:{s:8:"aperture";s:1:"0";s:6:"credit";s:0:"";s:6:"camera";s:0:"";s:7:"caption";s:0:"";s:17:"created_timestamp";s:1:"0";s:9:"copyright";s:0:"";s:12:"focal_length";s:1:"0";s:3:"iso";s:1:"0";s:13:"shutter_speed";s:1:"0";s:5:"title";s:0:"";s:11:"orientation";s:1:"0";s:8:"keywords";a:0:{}}}]]></wp:meta_value>
  </wp:postmeta>
</item>
<item>
  <title><![CDATA[3 JPG]]></title>
  <link>https://rafaelacero.wordpress.com/inicio/3-jpg/</link>
  <pubDate>Mon, 27 Jan 2025 16:50:34 +0000</pubDate>
  <dc:creator>rafafcb12</dc:creator>
  <guid isPermaLink="false">http://rafaelacero.files.wordpress.com/2025/01/3-jpg.png</guid>
  <description/>
  <content:encoded><![CDATA[]]></content:encoded>
  <excerpt:encoded><![CDATA[]]></excerpt:encoded>
  <wp:post_id>27</wp:post_id>
  <wp:post_date>2025-01-27 11:50:34</wp:post_date>
  <wp:post_date_gmt>2025-01-27 16:50:34</wp:post_date_gmt>
  <wp:post_modified>2025-01-27 11:50:34</wp:post_modified>
  <wp:post_modified_gmt>2025-01-27 16:50:34</wp:post_modified_gmt>
  <wp:comment_status>open</wp:comment_status>
  <wp:ping_status>closed</wp:ping_status>
  <wp:post_name>3-jpg</wp:post_name>
  <wp:status>inherit</wp:status>
  <wp:post_parent>20</wp:post_parent>
  <wp:menu_order>0</wp:menu_order>
  <wp:post_type>attachment</wp:post_type>
  <wp:post_password/>
  <wp:is_sticky>0</wp:is_sticky>
  <wp:attachment_url>https://rafaelacero.wordpress.com/wp-content/uploads/2025/01/3-jpg.png</wp:attachment_url>
  <wp:postmeta>
    <wp:meta_key>_wp_attached_file</wp:meta_key>
    <wp:meta_value><![CDATA[/home/wpcom/public_html/wp-content/blogs.dir/471/241125409/files/2025/01/3-jpg.png]]></wp:meta_value>
  </wp:postmeta>
  <wp:postmeta>
    <wp:meta_key>_wp_attachment_metadata</wp:meta_key>
    <wp:meta_value><![CDATA[a:6:{s:5:"width";i:311;s:6:"height";i:285;s:4:"file";s:82:"/home/wpcom/public_html/wp-content/blogs.dir/471/241125409/files/2025/01/3-jpg.png";s:8:"filesize";i:162804;s:5:"sizes";a:0:{}s:10:"image_meta";a:12:{s:8:"aperture";s:1:"0";s:6:"credit";s:0:"";s:6:"camera";s:0:"";s:7:"caption";s:0:"";s:17:"created_timestamp";s:1:"0";s:9:"copyright";s:0:"";s:12:"focal_length";s:1:"0";s:3:"iso";s:1:"0";s:13:"shutter_speed";s:1:"0";s:5:"title";s:0:"";s:11:"orientation";s:1:"0";s:8:"keywords";a:0:{}}}]]></wp:meta_value>
  </wp:postmeta>
</item>
<item>
  <title><![CDATA[WhatsApp Image 2025-01-20 at 11.58.08]]></title>
  <link>https://rafaelacero.wordpress.com/about/whatsapp-image-2025-01-20-at-11-58-08-2/</link>
  <pubDate>Mon, 10 Feb 2025 16:06:49 +0000</pubDate>
  <dc:creator>rafafcb12</dc:creator>
  <guid isPermaLink="false">http://rafaelacero.files.wordpress.com/2025/02/whatsapp-image-2025-01-20-at-11.58.08.jpeg</guid>
  <description/>
  <content:encoded><![CDATA[]]></content:encoded>
  <excerpt:encoded><![CDATA[]]></excerpt:encoded>
  <wp:post_id>35</wp:post_id>
  <wp:post_date>2025-02-10 11:06:49</wp:post_date>
  <wp:post_date_gmt>2025-02-10 16:06:49</wp:post_date_gmt>
  <wp:post_modified>2025-02-10 11:06:49</wp:post_modified>
  <wp:post_modified_gmt>2025-02-10 16:06:49</wp:post_modified_gmt>
  <wp:comment_status>open</wp:comment_status>
  <wp:ping_status>closed</wp:ping_status>
  <wp:post_name>whatsapp-image-2025-01-20-at-11-58-08-2</wp:post_name>
  <wp:status>inherit</wp:status>
  <wp:post_parent>1</wp:post_parent>
  <wp:menu_order>0</wp:menu_order>
  <wp:post_type>attachment</wp:post_type>
  <wp:post_password/>
  <wp:is_sticky>0</wp:is_sticky>
  <wp:attachment_url>https://rafaelacero.wordpress.com/wp-content/uploads/2025/02/whatsapp-image-2025-01-20-at-11.58.08.jpeg</wp:attachment_url>
  <wp:postmeta>
    <wp:meta_key>_wp_attached_file</wp:meta_key>
    <wp:meta_value><![CDATA[/home/wpcom/public_html/wp-content/blogs.dir/471/241125409/files/2025/02/whatsapp-image-2025-01-20-at-11.58.08.jpeg]]></wp:meta_value>
  </wp:postmeta>
  <wp:postmeta>
    <wp:meta_key>_wp_attachment_metadata</wp:meta_key>
    <wp:meta_value><![CDATA[a:6:{s:5:"width";i:2471;s:6:"height";i:2769;s:4:"file";s:115:"/home/wpcom/public_html/wp-content/blogs.dir/471/241125409/files/2025/02/whatsapp-image-2025-01-20-at-11.58.08.jpeg";s:8:"filesize";i:438901;s:5:"sizes";a:0:{}s:10:"image_meta";a:12:{s:8:"aperture";s:1:"0";s:6:"credit";s:0:"";s:6:"camera";s:0:"";s:7:"caption";s:0:"";s:17:"created_timestamp";s:1:"0";s:9:"copyright";s:0:"";s:12:"focal_length";s:1:"0";s:3:"iso";s:1:"0";s:13:"shutter_speed";s:1:"0";s:5:"title";s:0:"";s:11:"orientation";s:1:"0";s:8:"keywords";a:0:{}}}]]></wp:meta_value>
  </wp:postmeta>
</item>
<item>
  <title><![CDATA[Contacto 3]]></title>
  <link>https://rafaelacero.wordpress.com/contacto/</link>
  <pubDate>Mon, 10 Feb 2025 16:37:46 +0000</pubDate>
  <dc:creator>rafafcb12</dc:creator>
  <guid isPermaLink="false">https://rafaelacero.wordpress.com/?page_id=46</guid>
  <description/>
  <content:encoded><![CDATA[<!-- wp:group {"metadata":{"name":"Header","categories":["header"],"patternName":"a8c/header-logo-left-menu-centered-social-right"},"align":"full","style":{"spacing":{"padding":{"top":"var:preset|spacing|30","bottom":"var:preset|spacing|30","left":"var(\u002d\u002dwp\u002d\u002dstyle\u002d\u002droot\u002d\u002dpadding-left, var(\u002d\u002dwp\u002d\u002dcustom\u002d\u002dgap\u002d\u002dhorizontal))","right":"var(\u002d\u002dwp\u002d\u002dstyle\u002d\u002droot\u002d\u002dpadding-right, var(\u002d\u002dwp\u002d\u002dcustom\u002d\u002dgap\u002d\u002dhorizontal))"},"margin":{"top":"0","bottom":"0"}}},"layout":{"type":"constrained","justifyContent":"center"}} -->
<div class="wp-block-group alignfull" style="margin-top:0;margin-bottom:0;padding-top:var(--wp--preset--spacing--30);padding-right:var(--wp--style--root--padding-right, var(--wp--custom--gap--horizontal));padding-bottom:var(--wp--preset--spacing--30);padding-left:var(--wp--style--root--padding-left, var(--wp--custom--gap--horizontal))"><!-- wp:group {"tagName":"header","metadata":{"name":"Contents"},"align":"wide","style":{"spacing":{"margin":{"top":"0","bottom":"0"},"blockGap":"var:preset|spacing|40"}},"layout":{"type":"flex","flexWrap":"nowrap","justifyContent":"space-between"}} -->
<header class="wp-block-group alignwide" style="margin-top:0;margin-bottom:0"><!-- wp:group {"className":"grow  md:grow-0","style":{"layout":{"selfStretch":"fixed","flexSize":"25%"}},"layout":{"type":"flex","flexWrap":"nowrap","justifyContent":"left"}} -->
<div class="wp-block-group grow md:grow-0"><!-- wp:site-title /--></div>
<!-- /wp:group -->

<!-- wp:navigation {"ref":17,"className":"order-1 md:order-0","style":{"layout":{"selfStretch":"fit","flexSize":null}},"layout":{"type":"flex","justifyContent":"center"}} /-->

<!-- wp:group {"className":"grow md:grow-0","style":{"spacing":{"blockGap":"var:preset|spacing|20"},"layout":{"selfStretch":"fixed","flexSize":"25%"}},"layout":{"type":"flex","flexWrap":"nowrap","justifyContent":"right"}} -->
<div class="wp-block-group grow md:grow-0"><!-- wp:social-links {"className":"is-style-logos-only","style":{"spacing":{"blockGap":{"left":"8px"}}},"layout":{"type":"flex","flexWrap":"nowrap"}} -->
<ul class="wp-block-social-links is-style-logos-only"><!-- wp:social-link {"service":"linkedin"} /-->

<!-- wp:social-link {"service":"github"} /--></ul>
<!-- /wp:social-links --></div>
<!-- /wp:group --></header>
<!-- /wp:group --></div>
<!-- /wp:group -->

<!-- wp:group {"metadata":{"name":"Contact"},"align":"full","style":{"spacing":{"margin":{"top":"0","bottom":"0"},"padding":{"top":"var:preset|spacing|50","bottom":"var:preset|spacing|50"}}},"layout":{"type":"constrained","justifyContent":"center"}} -->
<div class="wp-block-group alignfull" style="margin-top:0;margin-bottom:0;padding-top:var(--wp--preset--spacing--50);padding-bottom:var(--wp--preset--spacing--50)"><!-- wp:columns {"align":"wide"} -->
<div class="wp-block-columns alignwide"><!-- wp:column {"verticalAlignment":"center","width":""} -->
<div class="wp-block-column is-vertically-aligned-center"><!-- wp:heading {"fontSize":"x-large"} -->
<h2 class="wp-block-heading has-x-large-font-size">Contacto</h2>
<!-- /wp:heading -->

<!-- wp:paragraph {"className":"is-contact-description"} -->
<p class="is-contact-description">Navegando por el intrincado tejido de la vida, las elecciones despliegan caminos hacia lo extraordinario, exigiendo creatividad, curiosidad y valentía para un viaje verdaderamente satisfactorio.</p>
<!-- /wp:paragraph -->

<!-- wp:spacer {"height":"calc( 0.25 * var(\u002d\u002dwp\u002d\u002dstyle\u002d\u002droot\u002d\u002dpadding-right, var(\u002d\u002dwp\u002d\u002dcustom\u002d\u002dgap\u002d\u002dhorizontal)))"} -->
<div style="height:calc( 0.25 * var(--wp--style--root--padding-right, var(--wp--custom--gap--horizontal)))" aria-hidden="true" class="wp-block-spacer"></div>
<!-- /wp:spacer -->

<!-- wp:jetpack/contact-form {"subject":"","to":"","className":"is-style-default","textColor":"primary","style":{"elements":{"link":{"color":{"text":"var:preset|color|primary"}}}}} -->
<div class="wp-block-jetpack-contact-form is-style-default has-primary-color has-text-color has-link-color"><!-- wp:jetpack/field-name {"label":"Nombre","required":true,"placeholder":"Rafael Acero","borderRadius":5,"borderWidth":1} /-->

<!-- wp:jetpack/field-email {"label":"Correo electrónico","required":true,"placeholder":"rafa-69@hotmail.com","borderRadius":5,"borderWidth":1} /-->

<!-- wp:jetpack/field-textarea {"label":"Mensaje","borderRadius":5,"borderWidth":1} /-->

<!-- wp:jetpack/button {"element":"button","text":"Enviar","width":"","lock":{"remove":true}} /--></div>
<!-- /wp:jetpack/contact-form --></div>
<!-- /wp:column -->

<!-- wp:column -->
<div class="wp-block-column"><!-- wp:image {"lightbox":{"enabled":false},"id":48,"aspectRatio":"3/4","scale":"cover","sizeSlug":"full","linkDestination":"none"} -->
<figure class="wp-block-image size-full"><img src="https://rafaelacero.wordpress.com/wp-content/uploads/2025/02/modern-man-with-glasses-and-beard-working-at-night-in-his-office-alone_-by-stocksy-contributor-_anton-serushkov_.jpg" alt="" class="wp-image-48" style="aspect-ratio:3/4;object-fit:cover" /></figure>
<!-- /wp:image -->

<!-- wp:html -->
[googlemaps https://www.google.com/maps/embed?pb=!1m18!1m12!1m3!1d3989.8039302407183!2d-78.4922071242659!3d-0.15388388543838907!2m3!1f0!2f0!3f0!3m2!1i1024!2i768!4f13.1!3m3!1m2!1s0x91d59aba9e05e6a1%3A0x606478970ed82284!2sInstituto%20Superior%20Tecnol%C3%B3gico%20Cordillera!5e0!3m2!1ses!2sec!4v1739205354530!5m2!1ses!2sec&amp;w=600&amp;h=450]
<!-- /wp:html --></div>
<!-- /wp:column --></div>
<!-- /wp:columns --></div>
<!-- /wp:group -->

<!-- wp:paragraph -->
<p></p>
<!-- /wp:paragraph -->]]></content:encoded>
  <excerpt:encoded><![CDATA[]]></excerpt:encoded>
  <wp:post_id>46</wp:post_id>
  <wp:post_date>2025-02-10 11:37:46</wp:post_date>
  <wp:post_date_gmt>2025-02-10 16:37:46</wp:post_date_gmt>
  <wp:post_modified>2025-02-10 11:55:50</wp:post_modified>
  <wp:post_modified_gmt>2025-02-10 16:55:50</wp:post_modified_gmt>
  <wp:comment_status>closed</wp:comment_status>
  <wp:ping_status>closed</wp:ping_status>
  <wp:post_name>contacto</wp:post_name>
  <wp:status>publish</wp:status>
  <wp:post_parent>0</wp:post_parent>
  <wp:menu_order>0</wp:menu_order>
  <wp:post_type>page</wp:post_type>
  <wp:post_password/>
  <wp:is_sticky>0</wp:is_sticky>
  <wp:postmeta>
    <wp:meta_key>_g_feedback_shortcode_0977419c0be90d69413770acfb40f6891e37477e</wp:meta_key>
    <wp:meta_value><![CDATA[
				[contact-field label="Nombre" type="name"  required="true" /]
				[contact-field label="Correo electrónico" type="email" required="true" /]
				[contact-field label="Web" type="url" /]
				[contact-field label="Mensaje" type="textarea" /]]]></wp:meta_value>
  </wp:postmeta>
  <wp:postmeta>
    <wp:meta_key>_g_feedback_shortcode_atts_0977419c0be90d69413770acfb40f6891e37477e</wp:meta_key>
    <wp:meta_value><![CDATA[a:17:{s:2:"to";s:19:"rafafcb12@gmail.com";s:7:"subject";s:25:"[Rafael Acero] Contacto 3";s:12:"show_subject";s:2:"no";s:6:"widget";i:0;s:14:"block_template";N;s:19:"block_template_part";N;s:2:"id";i:46;s:18:"submit_button_text";s:6:"Enviar";s:14:"customThankyou";s:0:"";s:21:"customThankyouHeading";s:24:"Se ha enviado tu mensaje";s:21:"customThankyouMessage";s:24:"¡Gracias por tu envío!";s:22:"customThankyouRedirect";s:0:"";s:10:"jetpackCRM";b:1;s:9:"className";N;s:9:"postToUrl";N;s:14:"salesforceData";N;s:12:"hiddenFields";N;}]]></wp:meta_value>
  </wp:postmeta>
  <wp:postmeta>
    <wp:meta_key>_last_editor_used_jetpack</wp:meta_key>
    <wp:meta_value><![CDATA[block-editor]]></wp:meta_value>
  </wp:postmeta>
  <wp:postmeta>
    <wp:meta_key>_publicize_pending</wp:meta_key>
    <wp:meta_value><![CDATA[1]]></wp:meta_value>
  </wp:postmeta>
  <wp:postmeta>
    <wp:meta_key>advanced_seo_description</wp:meta_key>
    <wp:meta_value><![CDATA[]]></wp:meta_value>
  </wp:postmeta>
  <wp:postmeta>
    <wp:meta_key>jetpack_seo_html_title</wp:meta_key>
    <wp:meta_value><![CDATA[]]></wp:meta_value>
  </wp:postmeta>
  <wp:postmeta>
    <wp:meta_key>jetpack_seo_noindex</wp:meta_key>
    <wp:meta_value><![CDATA[]]></wp:meta_value>
  </wp:postmeta>
  <wp:postmeta>
    <wp:meta_key>_jetpack_post_was_ever_published</wp:meta_key>
    <wp:meta_value><![CDATA[]]></wp:meta_value>
  </wp:postmeta>
  <wp:postmeta>
    <wp:meta_key>reader_suggested_tags</wp:meta_key>
    <wp:meta_value><![CDATA[]]></wp:meta_value>
  </wp:postmeta>
  <wp:postmeta>
    <wp:meta_key>_starter_page_template</wp:meta_key>
    <wp:meta_value><![CDATA[contact-tall-image-with-form]]></wp:meta_value>
  </wp:postmeta>
  <wp:postmeta>
    <wp:meta_key>_wpcom_template_layout_category</wp:meta_key>
    <wp:meta_value><![CDATA[a:1:{i:0;s:7:"contact";}]]></wp:meta_value>
  </wp:postmeta>
  <wp:postmeta>
    <wp:meta_key>footnotes</wp:meta_key>
    <wp:meta_value><![CDATA[]]></wp:meta_value>
  </wp:postmeta>
  <wp:postmeta>
    <wp:meta_key>_g_feedback_shortcode_a4ed75f9fd52395b650f45b40a181d57de0306c0</wp:meta_key>
    <wp:meta_value><![CDATA[
<div class="wp-block-jetpack-contact-form is-style-default has-primary-color has-text-color has-link-color">[contact-field label="Nombre" required="1" placeholder="Rafael Acero" borderRadius="5" borderWidth="1" type="name"/]

[contact-field label="Correo electrónico" required="1" placeholder="rafa-69@hotmail.com" borderRadius="5" borderWidth="1" type="email"/]

[contact-field label="Mensaje" borderRadius="5" borderWidth="1" type="textarea"/]

<div class="wp-block-jetpack-button wp-block-button" style="width: ;"><button class="wp-block-button__link" style="" data-id-attr="placeholder" type="submit">Enviar</button></div></div>
]]></wp:meta_value>
  </wp:postmeta>
  <wp:postmeta>
    <wp:meta_key>_g_feedback_shortcode_atts_a4ed75f9fd52395b650f45b40a181d57de0306c0</wp:meta_key>
    <wp:meta_value><![CDATA[a:17:{s:2:"to";s:0:"";s:7:"subject";s:0:"";s:12:"show_subject";s:2:"no";s:6:"widget";i:0;s:14:"block_template";N;s:19:"block_template_part";N;s:2:"id";i:46;s:18:"submit_button_text";s:6:"Submit";s:14:"customThankyou";s:0:"";s:21:"customThankyouHeading";s:26:"Your message has been sent";s:21:"customThankyouMessage";s:30:"Thank you for your submission!";s:22:"customThankyouRedirect";s:0:"";s:10:"jetpackCRM";b:1;s:9:"className";s:61:"is-style-default wp-elements-0f8e0bd6f2cff0e173d825135f833ff5";s:9:"postToUrl";N;s:14:"salesforceData";N;s:12:"hiddenFields";N;}]]></wp:meta_value>
  </wp:postmeta>
  <wp:postmeta>
    <wp:meta_key>_elasticsearch_data_sharing_indexed_on</wp:meta_key>
    <wp:meta_value><![CDATA[2025-02-10 16:36:29]]></wp:meta_value>
  </wp:postmeta>
</item>
<item>
  <title><![CDATA[_Modern Man With Glasses And Beard Working At Night In His Office Alone_ by Stocksy Contributor _Anton Serushkov_]]></title>
  <link>https://rafaelacero.wordpress.com/contacto/_modern-man-with-glasses-and-beard-working-at-night-in-his-office-alone_-by-stocksy-contributor-_anton-serushkov_/</link>
  <pubDate>Mon, 10 Feb 2025 16:35:01 +0000</pubDate>
  <dc:creator>rafafcb12</dc:creator>
  <guid isPermaLink="false">http://rafaelacero.files.wordpress.com/2025/02/modern-man-with-glasses-and-beard-working-at-night-in-his-office-alone_-by-stocksy-contributor-_anton-serushkov_.jpg</guid>
  <description/>
  <content:encoded><![CDATA[]]></content:encoded>
  <excerpt:encoded><![CDATA[]]></excerpt:encoded>
  <wp:post_id>48</wp:post_id>
  <wp:post_date>2025-02-10 11:35:01</wp:post_date>
  <wp:post_date_gmt>2025-02-10 16:35:01</wp:post_date_gmt>
  <wp:post_modified>2025-02-10 11:35:01</wp:post_modified>
  <wp:post_modified_gmt>2025-02-10 16:35:01</wp:post_modified_gmt>
  <wp:comment_status>open</wp:comment_status>
  <wp:ping_status>closed</wp:ping_status>
  <wp:post_name>_modern-man-with-glasses-and-beard-working-at-night-in-his-office-alone_-by-stocksy-contributor-_anton-serushkov_</wp:post_name>
  <wp:status>inherit</wp:status>
  <wp:post_parent>46</wp:post_parent>
  <wp:menu_order>0</wp:menu_order>
  <wp:post_type>attachment</wp:post_type>
  <wp:post_password/>
  <wp:is_sticky>0</wp:is_sticky>
  <wp:attachment_url>https://rafaelacero.wordpress.com/wp-content/uploads/2025/02/modern-man-with-glasses-and-beard-working-at-night-in-his-office-alone_-by-stocksy-contributor-_anton-serushkov_.jpg</wp:attachment_url>
  <wp:postmeta>
    <wp:meta_key>_wp_attached_file</wp:meta_key>
    <wp:meta_value><![CDATA[/home/wpcom/public_html/wp-content/blogs.dir/471/241125409/files/2025/02/modern-man-with-glasses-and-beard-working-at-night-in-his-office-alone_-by-stocksy-contributor-_anton-serushkov_.jpg]]></wp:meta_value>
  </wp:postmeta>
  <wp:postmeta>
    <wp:meta_key>_wp_attachment_metadata</wp:meta_key>
    <wp:meta_value><![CDATA[a:6:{s:5:"width";i:736;s:6:"height";i:1104;s:4:"file";s:189:"/home/wpcom/public_html/wp-content/blogs.dir/471/241125409/files/2025/02/modern-man-with-glasses-and-beard-working-at-night-in-his-office-alone_-by-stocksy-contributor-_anton-serushkov_.jpg";s:8:"filesize";i:51018;s:5:"sizes";a:0:{}s:10:"image_meta";a:12:{s:8:"aperture";s:1:"0";s:6:"credit";s:0:"";s:6:"camera";s:0:"";s:7:"caption";s:0:"";s:17:"created_timestamp";s:1:"0";s:9:"copyright";s:0:"";s:12:"focal_length";s:1:"0";s:3:"iso";s:1:"0";s:13:"shutter_speed";s:1:"0";s:5:"title";s:0:"";s:11:"orientation";s:1:"0";s:8:"keywords";a:0:{}}}]]></wp:meta_value>
  </wp:postmeta>
</item>
  </channel>
</rss>
